doi,article_title,publication_year,algae_species,algae_role,primary_substrate,co_substrate,process_category,reactor_type,feed_mode,scale,pretreatment_method,temperature_value,temperature_unit,temperature_regime,ph_value,hrt_value,hrt_unit,olr_value,olr_unit,inoculum_to_substrate_ratio,bmp_protocol,duration_value,duration_unit,methane_yield_value,methane_yield_unit,methane_yield_normalized_mL_per_gVS,methane_content_percent,methane_improvement_percent,total_vfa_value,total_vfa_unit,acetate_fraction_percent,propionate_fraction_percent,butyrate_fraction_percent,tea_metric,tea_value,tea_unit,tea_system_boundary,net_energy_ratio,pretreatment_energy_cost_reported,bioproduct_name,bioproduct_yield_value,bioproduct_yield_unit,data_source,extraction_confidence,control_condition,notes
10.1002/cssc.202400779,A Comprehensive Review on Biomethane Production from Biogas Separation and its Techno‐Economic Assessments,2024,,none,Agricultural wastes,,anaerobic_digestion,,,,,,,,,,,,,,,,,,,,,,,,,,,,,,,,not reported,,,,table,high,,"Biogas composition: Methane 50–80%, CO2 30–50%, Water saturated, H2 0–2%, H2S 100–7000 ppm, NH3 trace, CO 0–1%, N2 0–1%, O2 0–1%, Trace organics trace."
10.1002/cssc.202400779,A Comprehensive Review on Biomethane Production from Biogas Separation and its Techno‐Economic Assessments,2024,,none,Sewage sludge,,anaerobic_digestion,,,,,,,,,,,,,,,,,,,,,,,,,,,,,,,,not reported,,,,table,high,,"Biogas composition: Methane 50–80%, CO2 20–50%, Water saturated, H2 0–5%, H2S 100 ppm, NH3 trace, CO 0–1%, N2 0–3%, O2 0–1%, Trace organics trace."
10.1002/cssc.202400779,A Comprehensive Review on Biomethane Production from Biogas Separation and its Techno‐Economic Assessments,2024,,none,Industrial wastes,,anaerobic_digestion,,,,,,,,,,,,,,,,,,,,,,,,,,,,,,,,not reported,,,,table,high,,"Biogas composition: Methane 50–70%, CO2 30–50%, Water saturated, H2 0–2%, H2S <0.5%, NH3 trace, CO 0–1%, N2 0–1%, O2 0–1%, Trace organics trace."
10.1002/cssc.202400779,A Comprehensive Review on Biomethane Production from Biogas Separation and its Techno‐Economic Assessments,2024,,none,Solid waste (Landfill),,anaerobic_digestion,,,,,,,,,,,,,,,,,,,,,,,,,,,,,,,,not reported,,,,table,high,,"Biogas composition: Methane 45–65%, CO2 34–55%, Water saturated, H2 0–1%, H2S 0.5–100 ppm, NH3 trace, CO trace, N2 0–20%, O2 0–5%, Trace organics 5 ppm."
10.1002/cssc.202400779,A Comprehensive Review on Biomethane Production from Biogas Separation and its Techno‐Economic Assessments,2024,,biogas_upgrading,,,algae_AD_integrated,not reported,not reported,not reported,not reported,,,not reported,,,,,,,not reported,,,,,,,,,,,,,,,,,,not reported,algal biomass,,,table,high,,"Photoautotrophic biogas upgrading achieves >90–97% CH4; enables CO2 valorization as algal biomass, H2S removal, and wastewater treatment."
10.1002/cssc.202400779,A Comprehensive Review on Biomethane Production from Biogas Separation and its Techno‐Economic Assessments,2024,,biogas_upgrading,,,other,,,,,30,C,,,,,,,,,,,,,,,,,,,,,,,,,,not reported,,,,table,high,,"Cellulose acetate (CA): CH4/CO2 selectivity 30.0, CH4 permeability 0.21 Barrer, CO2 permeability 6.30 Barrer, H2 permeability 2.69 Barrer, O2 permeability 0.59 Barrer, N2 permeability 0.21 Barrer, Tg 80°C"
10.1002/cssc.202400779,A Comprehensive Review on Biomethane Production from Biogas Separation and its Techno‐Economic Assessments,2024,,none,,,other,,,,,50,C,,,,,,,,,,,,,,96,,,,,,,,,,,,not reported,,,,table,high,,Pressure Swing Adsorption; operation pressure 0.4-1 MPa; outlet pressure 0.4-0.5 MPa; temperature range 50-56°C; power demand 0.25 €/m³; CH4 losses <4%; CH4 purity 96-98%.
10.1002/cssc.202400779,A Comprehensive Review on Biomethane Production from Biogas Separation and its Techno‐Economic Assessments,2024,,none,,,other,,,,,,,,,,,,,,,,,,,,,,,,,,,,,,,,not reported,,,,table,high,,Temperature Swing Adsorption; CO2 adsorption temperature 293 K; CO2 desorption temperature 348 K; CO2 partial pressure (adsorption) 0.15 bar; CO2 partial pressure (desorption) 0.4 bar.
10.1002/cssc.202400779,A Comprehensive Review on Biomethane Production from Biogas Separation and its Techno‐Economic Assessments,2024,,none,,,other,,,,,313.15,K,,,,,,,,,,,,,,50,,,,,,,,,,,,not reported,,,,table,high,,"Vacuum Swing Adsorption; feed pressure 200 kPa; feed time 20-40 s; vacuum pressure 6-20 kPa; operating temperature 313.15 K; feed gas composition 50% CH4, 50% CO2."
10.1002/cssc.202400779,A Comprehensive Review on Biomethane Production from Biogas Separation and its Techno‐Economic Assessments,2024,,none,,,other,,,,,70,C,,,,,,,,,,,,,,96,,,,,,,,,,,,not reported,,,,table,high,,Physical Scrubbing; operation pressure 0.4-1 MPa; outlet pressure 0.7-1 MPa; temperature 70°C; power demand 0.25 €/m³; CH4 losses <2%; CH4 purity 96-98%.
10.1002/cssc.202400779,A Comprehensive Review on Biomethane Production from Biogas Separation and its Techno‐Economic Assessments,2024,,none,,,other,,,,,180,C,,,,,,,,,,,,,,99,,,,,,,,,,,,not reported,,,,table,high,,Chemical Scrubbing; operation pressure 0.4-1 MPa; outlet pressure 0.4-0.5 MPa; temperature up to 180°C; power demand 0.42 €/m³; CH4 losses <1%; CH4 purity >99%.
10.1002/cssc.202400779,A Comprehensive Review on Biomethane Production from Biogas Separation and its Techno‐Economic Assessments,2024,,none,,,other,,,,,-25,C,,,,,,,,,,,,,,97,,,,,,,,,,,,not reported,,,,table,high,,Cryogenic Separation; operating pressure 1-8 MPa; outlet pressure 0.8-1 MPa; temperature range -25 to -110°C; power demand 5 €/m³; CH4 losses <2%; CH4 purity 97-98%.
10.1002/cssc.202400779,A Comprehensive Review on Biomethane Production from Biogas Separation and its Techno‐Economic Assessments,2024,,none,source-sorted organic fraction of municipal solid waste (SS-OFMSW),,anaerobic_digestion,,,,,,,,,,,,,,,,,,,,,,,,,,,,,,,,yes,,,,table,high,,Pretreatment electricity consumption per t SS-OFMSW
10.1002/cssc.202400779,A Comprehensive Review on Biomethane Production from Biogas Separation and its Techno‐Economic Assessments,2024,,none,solid digestate,,anaerobic_digestion,,,,,,,,,,,,,,,,,,,,,,,,,,,,,,,,yes,compost,0.39,t/t solid digestate,table,high,,Composting yield per t solid digestate
10.1002/cssc.202400779,A Comprehensive Review on Biomethane Production from Biogas Separation and its Techno‐Economic Assessments,2024,,none,,,other,,,,,,,,,,,,,,,,,,,,,,,,,,,NPV,1.528,€/Nm3,"biogas production and upgrading, AS technology, 350 Nm3/h plant size",,not reported,,,,table,high,,AS = Amine Scrubbing
10.1002/cssc.202400779,A Comprehensive Review on Biomethane Production from Biogas Separation and its Techno‐Economic Assessments,2024,,none,,,other,,,,,,,,,,,,,,,,,,,,,,,,,,,IRR,5.34,%,"biogas production and upgrading, AS technology, 350 Nm3/h plant size",,not reported,,,,table,high,,AS = Amine Scrubbing
10.1002/cssc.202400779,A Comprehensive Review on Biomethane Production from Biogas Separation and its Techno‐Economic Assessments,2024,,none,,,other,,,,,,,,,,,,,,,10,years,,,,,,,,,,,PT,10,years,"biogas production and upgrading, AS technology, 350 Nm3/h plant size",,not reported,,,,table,high,,AS = Amine Scrubbing
10.1002/cssc.202400779,A Comprehensive Review on Biomethane Production from Biogas Separation and its Techno‐Economic Assessments,2024,,none,,,other,,,,,,,,,,,,,,,,,,,,,,,,,,,CFR,1.29,%,"biogas production and upgrading, AS technology, 350 Nm3/h plant size",,not reported,,,,table,high,,AS = Amine Scrubbing
10.1002/cssc.202400779,A Comprehensive Review on Biomethane Production from Biogas Separation and its Techno‐Economic Assessments,2024,,none,,,other,,,,,,,,,,,,,,,,,,,,,,,,,,,NPV,6.487,€/Nm3,"biogas production and upgrading, AS technology, 2000 Nm3/h plant size",,not reported,,,,table,high,,AS = Amine Scrubbing
10.1002/cssc.202400779,A Comprehensive Review on Biomethane Production from Biogas Separation and its Techno‐Economic Assessments,2024,,none,,,other,,,,,,,,,,,,,,,,,,,,,,,,,,,IRR,28.68,%,"biogas production and upgrading, AS technology, 2000 Nm3/h plant size",,not reported,,,,table,high,,AS = Amine Scrubbing
10.1002/cssc.202400779,A Comprehensive Review on Biomethane Production from Biogas Separation and its Techno‐Economic Assessments,2024,,none,,,other,,,,,,,,,,,,,,,3.5,years,,,,,,,,,,,PT,3.5,years,"biogas production and upgrading, AS technology, 2000 Nm3/h plant size",,not reported,,,,table,high,,AS = Amine Scrubbing
10.1002/cssc.202400779,A Comprehensive Review on Biomethane Production from Biogas Separation and its Techno‐Economic Assessments,2024,,none,,,other,,,,,,,,,,,,,,,,,,,,,,,,,,,CFR,1.06,%,"biogas production and upgrading, AS technology, 2000 Nm3/h plant size",,not reported,,,,table,high,,AS = Amine Scrubbing
10.1002/cssc.202400779,A Comprehensive Review on Biomethane Production from Biogas Separation and its Techno‐Economic Assessments,2024,,none,,,anaerobic_digestion,,,,,,,,,,,,,,,10,years,,,,,,,,,,,production_cost,0.588,€/Nm³,Biogas production (AD and composting plant),,not reported,biogas,,,table,high,,Biogas production cost per Nm³ raw biogas
10.1002/cssc.202400779,A Comprehensive Review on Biomethane Production from Biogas Separation and its Techno‐Economic Assessments,2024,,none,,,anaerobic_digestion,,,,,,,,,,,,,,,10,years,,,,,,,,,,,production_cost,0.073,€/Nm³,Upgrading (AS),,not reported,biomethane,,,table,high,,Upgrading cost per Nm³ raw biogas for Amine Scrubbing (AS)
10.1002/cssc.202400779,A Comprehensive Review on Biomethane Production from Biogas Separation and its Techno‐Economic Assessments,2024,,none,,,anaerobic_digestion,,,,,,,,,,,,,,,10,years,,,,,,,,,,,production_cost,0.063,€/Nm³,Upgrading (HPWS),,not reported,biomethane,,,table,high,,Upgrading cost per Nm³ raw biogas for High Pressure Water Scrubbing (HPWS)
10.1002/cssc.202400779,A Comprehensive Review on Biomethane Production from Biogas Separation and its Techno‐Economic Assessments,2024,,none,,,anaerobic_digestion,,,,,,,,,,,,,,,10,years,,,,,,,,,,,production_cost,0.071,€/Nm³,Upgrading (MP),,not reported,biomethane,,,table,high,,Upgrading cost per Nm³ raw biogas for Membrane Permeation (MP)
10.1002/cssc.202400779,A Comprehensive Review on Biomethane Production from Biogas Separation and its Techno‐Economic Assessments,2024,,none,,,anaerobic_digestion,,,,,,,,,,,,,,,10,years,,,,,,,,,,,production_cost,0.062,€/Nm³,Upgrading (PSA),,not reported,biomethane,,,table,high,,Upgrading cost per Nm³ raw biogas for Pressure Swing Adsorption (PSA)
10.1002/cssc.202400779,A Comprehensive Review on Biomethane Production from Biogas Separation and its Techno‐Economic Assessments,2024,,none,,,anaerobic_digestion,,,,,,,,,,,,,,,10,years,,,,,,,,,,,production_cost,0.66,€/Nm³,"Total costs (Biogas production + upgrading, AS)",,not reported,biomethane,,,table,high,,Total cost per Nm³ raw biogas for biogas production and upgrading (AS)
10.1002/cssc.202400779,A Comprehensive Review on Biomethane Production from Biogas Separation and its Techno‐Economic Assessments,2024,,none,,,anaerobic_digestion,,,,,,,,,,,,,,,10,years,,,,,,,,,,,production_cost,0.651,€/Nm³,"Total costs (Biogas production + upgrading, HPWS)",,not reported,biomethane,,,table,high,,Total cost per Nm³ raw biogas for biogas production and upgrading (HPWS)
10.1002/cssc.202400779,A Comprehensive Review on Biomethane Production from Biogas Separation and its Techno‐Economic Assessments,2024,,none,,,anaerobic_digestion,,,,,,,,,,,,,,,10,years,,,,,,,,,,,production_cost,0.659,€/Nm³,"Total costs (Biogas production + upgrading, MP)",,not reported,biomethane,,,table,high,,Total cost per Nm³ raw biogas for biogas production and upgrading (MP)
10.1002/cssc.202400779,A Comprehensive Review on Biomethane Production from Biogas Separation and its Techno‐Economic Assessments,2024,,none,,,anaerobic_digestion,,,,,,,,,,,,,,,10,years,,,,,,,,,,,production_cost,0.65,€/Nm³,"Total costs (Biogas production + upgrading, PSA)",,not reported,biomethane,,,table,high,,Total cost per Nm³ raw biogas for biogas production and upgrading (PSA)
10.1002/cssc.202400779,A Comprehensive Review on Biomethane Production from Biogas Separation and its Techno‐Economic Assessments,2024,,none,,,anaerobic_digestion,,,,,,,,,,,,,,,10,years,,,,,,,,,,,production_cost,0.792,€/Nm³,Biogas production (AD and composting plant),,not reported,biogas,,,table,high,,Biogas production revenue per Nm³ raw biogas
10.1002/cssc.202400779,A Comprehensive Review on Biomethane Production from Biogas Separation and its Techno‐Economic Assessments,2024,,none,,,anaerobic_digestion,,,,,,,,,,,,,,,10,years,,,,,,,,,,,production_cost,0.456,€/Nm³,Biomethane revenue (AS),,not reported,biomethane,,,table,high,,Biomethane revenue per Nm³ raw biogas for Amine Scrubbing (AS)
10.1002/cssc.202400779,A Comprehensive Review on Biomethane Production from Biogas Separation and its Techno‐Economic Assessments,2024,,none,,,anaerobic_digestion,,,,,,,,,,,,,,,10,years,,,,,,,,,,,production_cost,0.448,€/Nm³,Biomethane revenue (HPWS),,not reported,biomethane,,,table,high,,Biomethane revenue per Nm³ raw biogas for High Pressure Water Scrubbing (HPWS)
10.1002/cssc.202400779,A Comprehensive Review on Biomethane Production from Biogas Separation and its Techno‐Economic Assessments,2024,,none,,,anaerobic_digestion,,,,,,,,,,,,,,,10,years,,,,,,,,,,,production_cost,0.452,€/Nm³,Biomethane revenue (MP),,not reported,biomethane,,,table,high,,Biomethane revenue per Nm³ raw biogas for Membrane Permeation (MP)
10.1002/cssc.202400779,A Comprehensive Review on Biomethane Production from Biogas Separation and its Techno‐Economic Assessments,2024,,none,,,anaerobic_digestion,,,,,,,,,,,,,,,10,years,,,,,,,,,,,production_cost,0.443,€/Nm³,Biomethane revenue (PSA),,not reported,biomethane,,,table,high,,Biomethane revenue per Nm³ raw biogas for Pressure Swing Adsorption (PSA)
10.1002/cssc.202400779,A Comprehensive Review on Biomethane Production from Biogas Separation and its Techno‐Economic Assessments,2024,,none,,,anaerobic_digestion,,,,,,,,,,,,,,,10,years,,,,,,,,,,,production_cost,1.248,€/Nm³,"Total revenues (Biogas production + upgrading, AS)",,not reported,biomethane,,,table,high,,Total revenue per Nm³ raw biogas for biogas production and upgrading (AS)
10.1002/cssc.202400779,A Comprehensive Review on Biomethane Production from Biogas Separation and its Techno‐Economic Assessments,2024,,none,,,anaerobic_digestion,,,,,,,,,,,,,,,10,years,,,,,,,,,,,production_cost,1.239,€/Nm³,"Total revenues (Biogas production + upgrading, HPWS)",,not reported,biomethane,,,table,high,,Total revenue per Nm³ raw biogas for biogas production and upgrading (HPWS)
10.1002/cssc.202400779,A Comprehensive Review on Biomethane Production from Biogas Separation and its Techno‐Economic Assessments,2024,,none,,,anaerobic_digestion,,,,,,,,,,,,,,,10,years,,,,,,,,,,,production_cost,1.244,€/Nm³,"Total revenues (Biogas production + upgrading, MP)",,not reported,biomethane,,,table,high,,Total revenue per Nm³ raw biogas for biogas production and upgrading (MP)
10.1002/cssc.202400779,A Comprehensive Review on Biomethane Production from Biogas Separation and its Techno‐Economic Assessments,2024,,none,,,anaerobic_digestion,,,,,,,,,,,,,,,10,years,,,,,,,,,,,production_cost,1.235,€/Nm³,"Total revenues (Biogas production + upgrading, PSA)",,not reported,biomethane,,,table,high,,Total revenue per Nm³ raw biogas for biogas production and upgrading (PSA)
10.1002/cssc.202400779,A Comprehensive Review on Biomethane Production from Biogas Separation and its Techno‐Economic Assessments,2024,,none,,,anaerobic_digestion,,,,,,,,,,,,,,,10,years,,,,,,,,,,,production_cost,0.587,€/Nm³,Net cash flow (AS),,not reported,biomethane,,,table,high,,Net cash flow per Nm³ raw biogas for Amine Scrubbing (AS)
10.1002/cssc.202400779,A Comprehensive Review on Biomethane Production from Biogas Separation and its Techno‐Economic Assessments,2024,,none,,,anaerobic_digestion,,,,,,,,,,,,,,,10,years,,,,,,,,,,,production_cost,0.585,€/Nm³,Net cash flow (MP),,not reported,biomethane,,,table,high,,Net cash flow per Nm³ raw biogas for Membrane Permeation (MP)
10.1002/cssc.202400779,A Comprehensive Review on Biomethane Production from Biogas Separation and its Techno‐Economic Assessments,2024,,,,,,,,,,,,,,,,,,,,,,,,,,,,,,,,waste_recovery_percent_2019_landfill_diverted,6,%,"Australia bioenergy sector, 2030 projection",,not reported,,,,table,high,,Projection for 2030
10.1002/cssc.202400779,A Comprehensive Review on Biomethane Production from Biogas Separation and its Techno‐Economic Assessments,2024,,,,,,,,,,,,,,,,,,,,,,,,,,,,,,,,waste_recovery_percent_2019_landfill_diverted,7,%,"Australia bioenergy sector, 2050 projection",,not reported,,,,table,high,,Projection for 2050
10.1002/cssc.202400779,A Comprehensive Review on Biomethane Production from Biogas Separation and its Techno‐Economic Assessments,2024,,,,,,,,,,,,,,,,,,,,27,days,,,,,,,,,,,liquid_fuel_security_extra_days_consumption_cover,27,days,"Australia bioenergy sector, 2030 projection",,not reported,,,,table,high,,Projection for 2030
10.1002/cssc.202400779,A Comprehensive Review on Biomethane Production from Biogas Separation and its Techno‐Economic Assessments,2024,,,,,,,,,,,,,,,,,,,,63,days,,,,,,,,,,,liquid_fuel_security_extra_days_consumption_cover,63,days,"Australia bioenergy sector, 2050 projection",,not reported,,,,table,high,,Projection for 2050
10.1002/cssc.202400779,A Comprehensive Review on Biomethane Production from Biogas Separation and its Techno‐Economic Assessments,2024,,,,,,,,,,,,,,,,,,,,,,,,,,,,,,,,jobs_created,26200,,"Australia bioenergy sector, 2030 projection",,not reported,,,,table,high,,Projection for 2030
10.1002/cssc.202400779,A Comprehensive Review on Biomethane Production from Biogas Separation and its Techno‐Economic Assessments,2024,,,,,,,,,,,,,,,,,,,,,,,,,,,,,,,,jobs_created,35300,,"Australia bioenergy sector, 2050 projection",,not reported,,,,table,high,,Projection for 2050
10.1002/cssc.202400779,A Comprehensive Review on Biomethane Production from Biogas Separation and its Techno‐Economic Assessments,2024,,,,,,,,,,,,,,,,,,,,,,,,,,,,,,,,gdp_impact_additional_annual,14,billion AUD,"Australia bioenergy sector, 2050 projection",,not reported,,,,table,high,,Projection for 2050
10.1002/cssc.202400779,A Comprehensive Review on Biomethane Production from Biogas Separation and its Techno‐Economic Assessments,2024,,,agricultural waste,,anaerobic_digestion,,,,,,,,,,,,,,,,,,,,,,,,,,,,,,,,not reported,,,,text,medium,,Dar et al.[4] summarized literature on agricultural waste AD between 2010-2020; no quantitative data reported.
10.1002/cssc.202400779,A Comprehensive Review on Biomethane Production from Biogas Separation and its Techno‐Economic Assessments,2024,,,refuse,,anaerobic_digestion,,,,,,,,,,,,,,,,,,,,,,,,,,,production_cost,,,input of refuse to purification of gas produced,,not reported,,,,text,medium,,Joassin and Matagn[7] theoretically demonstrated positive overall energy yield and economic viability; no quantitative values reported.
10.1002/cssc.202400779,A Comprehensive Review on Biomethane Production from Biogas Separation and its Techno‐Economic Assessments,2024,,,algae biomass,,algae_AD_integrated,,,,,,,,,,,,,,,,,,,,,,,,,,,LCOE,,€/kWh,algae biomass - biogas - total energy module,,not reported,,,,text,high,,Zamalloa et al.[8] estimated LCOE in the range €0.170-0.087 per kWh; carbon credit of ~€30/ton CO2 eq considered; exact value not specified.
10.1002/cssc.202400779,A Comprehensive Review on Biomethane Production from Biogas Separation and its Techno‐Economic Assessments,2024,,none,municipal solid waste,,anaerobic_digestion,,,,,,,,,,,,,,,,,,,,,,,,,,,,,,,,not reported,,,,text,high,,"Municipal solid waste includes organic waste from households, restaurants, and urban areas."
10.1002/cssc.202400779,A Comprehensive Review on Biomethane Production from Biogas Separation and its Techno‐Economic Assessments,2024,,none,sewage sludge,,anaerobic_digestion,,,,,,,,,,,,,,,,,,,,,,,,,,,,,,,,not reported,,,,text,high,,Sewage sludge generated during wastewater treatment contains organic matter convertible into biogas.
10.1002/cssc.202400779,A Comprehensive Review on Biomethane Production from Biogas Separation and its Techno‐Economic Assessments,2024,,none,food processing waste,,anaerobic_digestion,,,,,,,,,,,,,,,,,,,,,,,,,,,,,,,,not reported,,,,text,high,,Food processing waste includes byproducts and residues from food processing operations like fruit and vegetable peels.
10.1002/cssc.202400779,A Comprehensive Review on Biomethane Production from Biogas Separation and its Techno‐Economic Assessments,2024,,none,organic matter in landfills,,anaerobic_digestion,,,,,,,,,,,,,,,,,,,,,,,,,,,,,,,,not reported,,,,text,high,,"Organic matter in landfills undergoes anaerobic decomposition, resulting in landfill gas including methane."
10.1002/cssc.202400779,A Comprehensive Review on Biomethane Production from Biogas Separation and its Techno‐Economic Assessments,2024,,none,energy crops,,anaerobic_digestion,,,,,,,,,,,,,,,,,,,,,,,,,,,,,,,,not reported,,,,text,high,,"Energy crops cultivated specifically for energy purposes, such as maize, sorghum, and various grasses."
10.1002/cssc.202400779,A Comprehensive Review on Biomethane Production from Biogas Separation and its Techno‐Economic Assessments,2024,,none,,,biogas_upgrading,,,,,120,C,,,,,,,,,,,,,,99.5,,,,,,,,,,,,not reported,,,,text,high,,Amine scrubbing; lower bound of reported methane purity; regeneration temperature lower bound.
10.1002/cssc.202400779,A Comprehensive Review on Biomethane Production from Biogas Separation and its Techno‐Economic Assessments,2024,,none,,,biogas_upgrading,,,,,150,C,,,,,,,,,,,,,,99.9,,,,,,,,,,,,not reported,,,,text,high,,Amine scrubbing; upper bound of reported methane purity; regeneration temperature upper bound.
10.1002/cssc.202400779,A Comprehensive Review on Biomethane Production from Biogas Separation and its Techno‐Economic Assessments,2024,,none,raw biogas,,biogas_upgrading,,,,"impurity removal (H2S, aerosols, oil droplets, water)",,,,,,,,,,,,,,,,92,,,,,,,,,,,,not reported,,,,text,high,,Single-stage polymer membrane biogas upgrading; maximum methane content reported.
10.1002/cssc.202400779,A Comprehensive Review on Biomethane Production from Biogas Separation and its Techno‐Economic Assessments,2024,,none,off-gas from membrane biogas upgrading,,biogas_upgrading,,,,,,,,,,,,,,,,,,,,,,,,,,,,,,,,not reported,,,,text,high,,Off-gas after membrane separation contains 10-25% CH4.
10.1002/cssc.202400779,A Comprehensive Review on Biomethane Production from Biogas Separation and its Techno‐Economic Assessments,2024,,none,raw biogas,,other,,,,,-100,C,,,,,,,,,,,,,,,,,,,,,,,,,,not reported,,,,text,high,,Cryogenic separation of biogas at 40 bar and -100°C for CO2 liquefaction.
10.1002/cssc.202400779,A Comprehensive Review on Biomethane Production from Biogas Separation and its Techno‐Economic Assessments,2024,,none,raw biogas,,other,cryogenic packed bed (CPB),,,,,,,,,,,,,,,,,,,,,,,,,,,,,,,not reported,,,,text,medium,,"CPB uses only 5% combustion heat of CH4, 22% less energy than VPSA for purification."
10.1002/cssc.202400779,A Comprehensive Review on Biomethane Production from Biogas Separation and its Techno‐Economic Assessments,2024,,none,sludge,,anaerobic_digestion,not reported,continuous,pilot,not reported,,,not reported,,,,,,,not reported,,,,,,95,,,,,,,production_cost,,,"biogas enrichment compared to conventional methods, for flow rates <100 Nm3/h",,not reported,,,,text,high,,Methane loss below 2%; pilot plant with 15 m3 digester and 140 dm3 bubble column; enrichment cost up to one-third of conventional for <100 Nm3/h
10.1002/cssc.202400779,A Comprehensive Review on Biomethane Production from Biogas Separation and its Techno‐Economic Assessments,2024,,none,biogas,hydrogen,other,not reported,not reported,not reported,not reported,,,not reported,,,,,,,not reported,,,,,,,,,,,,,,,,,,not reported,biomethane,,,text,medium,,"Catalytic methanation of CO2 with H2; process efficiency depends on temperature, pressure, flow rates; high purity biomethane production"
10.1002/cssc.202400779,A Comprehensive Review on Biomethane Production from Biogas Separation and its Techno‐Economic Assessments,2024,,none,SS-OFMSW,,other,,,,activated carbon,,,,,,,,,,,,,,,,,,,,,,,,,,,,not reported,biomethane,,,text,high,,"Biomethane exits adsorption system at 3-6 bar; no water, chemicals, or thermal energy required."
10.1002/cssc.202400779,A Comprehensive Review on Biomethane Production from Biogas Separation and its Techno‐Economic Assessments,2024,,none,,,anaerobic_digestion,,,,,,,,,,,,,,,20,years,,,,,,,,,,,NPV,6.51,€/Nm3,biogas production and upgrading,,not reported,biomethane,,,table,medium,reference case without CO2 recovery,NPV for HPWS at large scale (~2000 Nm3/h); duration is plant lifetime
10.1002/cssc.202400779,A Comprehensive Review on Biomethane Production from Biogas Separation and its Techno‐Economic Assessments,2024,,none,,,anaerobic_digestion,,,demonstration,,,,,,,,,,,,,,,,,,,,,,,,IRR,5.5,%,biogas production and upgrading,,not reported,biomethane,,,table,medium,,IRR for small plant size (350 Nm3/h)
10.1002/cssc.202400779,A Comprehensive Review on Biomethane Production from Biogas Separation and its Techno‐Economic Assessments,2024,,none,,,anaerobic_digestion,,,demonstration,,,,,,,,,,,,,,,,,,,,,,,,IRR,28.5,%,biogas production and upgrading,,not reported,biomethane,,,table,medium,,IRR for large plant size (2000 Nm3/h)
10.1002/cssc.202400779,A Comprehensive Review on Biomethane Production from Biogas Separation and its Techno‐Economic Assessments,2024,,none,,,anaerobic_digestion,,,demonstration,,,,,,,,,,,,,,,,,,,,,,,,production_cost,19,USD/MBtu,biogas production and upgrading,,not reported,biomethane,,,text,medium,,Average global cost for biomethane production via biogas upgrading
10.1002/cssc.202400779,A Comprehensive Review on Biomethane Production from Biogas Separation and its Techno‐Economic Assessments,2024,,none,,,anaerobic_digestion,,,demonstration,,,,,,,,,,,,,,,,,,,,,,,,production_cost,2,USD/MBtu,biogas upgrading only,,not reported,biomethane,,,text,medium,,Additional upgrading cost for facilities processing ~3.5 million m3 biogas annually; lower bound
10.1002/cssc.202400779,A Comprehensive Review on Biomethane Production from Biogas Separation and its Techno‐Economic Assessments,2024,,none,,,anaerobic_digestion,,,demonstration,,,,,,,,,,,,,,,,,,,,,,,,production_cost,4,USD/MBtu,biogas upgrading only,,not reported,biomethane,,,text,medium,,Additional upgrading cost for facilities processing ~3.5 million m3 biogas annually; upper bound
10.1007/s11356-024-34471-8,"Biohythane production via anaerobic digestion process: fundamentals, scale-up challenges, and techno-economic and environmental aspects",2023,,none,,,other,,,,,,,,,,,,,,,,,,,,,,,,,,,,,,,,not reported,,,,table,high,,"Global renewable energy capacity and percentage increase for Hydropower: 1,407,754 MW (19.6%), Marine energy: 527 MW (2.5%), Wind energy: 1,017,199 MW (191.1%), Solar energy: 1,418,969 MW (685.0%), Bioenergy: 150,261 MW (65.4%), Geothermal energy: 14,846 MW (32.0%). No AD or algae-specific experimental data present."
10.1007/s11356-024-34471-8,"Biohythane production via anaerobic digestion process: fundamentals, scale-up challenges, and techno-economic and environmental aspects",2023,,none,,,anaerobic_digestion,,,,,20,C,mesophilic,,,,,,,,,,,,,,,,,,,,,,,,,not reported,,,,table,high,,Methanoculleus optimum temperature range starts at 20°C (mesophilic lower bound)
10.1007/s11356-024-34471-8,"Biohythane production via anaerobic digestion process: fundamentals, scale-up challenges, and techno-economic and environmental aspects",2023,,none,,,anaerobic_digestion,,,,,60,C,thermophilic,,,,,,,,,,,,,,,,,,,,,,,,,not reported,,,,table,high,,Methanoculleus optimum temperature range ends at 60°C (thermophilic upper bound)
10.1007/s11356-024-34471-8,"Biohythane production via anaerobic digestion process: fundamentals, scale-up challenges, and techno-economic and environmental aspects",2023,,none,,,anaerobic_digestion,,,,,15,C,psychrophilic,,,,,,,,,,,,,,,,,,,,,,,,,not reported,,,,table,high,,Methanogenium optimum temperature range starts at 15°C (psychrophilic lower bound)
10.1007/s11356-024-34471-8,"Biohythane production via anaerobic digestion process: fundamentals, scale-up challenges, and techno-economic and environmental aspects",2023,,none,,,anaerobic_digestion,,,,,35,C,mesophilic,,,,,,,,,,,,,,,,,,,,,,,,,not reported,,,,table,high,,Methanogenium optimum temperature range ends at 35°C (mesophilic upper bound)
10.1007/s11356-024-34471-8,"Biohythane production via anaerobic digestion process: fundamentals, scale-up challenges, and techno-economic and environmental aspects",2023,,none,,,anaerobic_digestion,,,,,55,C,thermophilic,,,,,,,,,,,,,,,,,,,,,,,,,not reported,,,,table,high,,Methanothermobacter optimum temperature range starts at 55°C (thermophilic lower bound)
10.1007/s11356-024-34471-8,"Biohythane production via anaerobic digestion process: fundamentals, scale-up challenges, and techno-economic and environmental aspects",2023,,none,,,anaerobic_digestion,,,,,65,C,thermophilic,,,,,,,,,,,,,,,,,,,,,,,,,not reported,,,,table,high,,Methanothermobacter optimum temperature range ends at 65°C (thermophilic upper bound)
10.1007/s11356-024-34471-8,"Biohythane production via anaerobic digestion process: fundamentals, scale-up challenges, and techno-economic and environmental aspects",2023,,none,,,anaerobic_digestion,,,,,30,C,mesophilic,,,,,,,,,,,,,,,,,,,,,,,,,not reported,,,,table,high,,Methanosphaera optimum temperature range starts at 30°C (mesophilic lower bound)
10.1007/s11356-024-34471-8,"Biohythane production via anaerobic digestion process: fundamentals, scale-up challenges, and techno-economic and environmental aspects",2023,,none,,,anaerobic_digestion,,,,,40,C,mesophilic,,,,,,,,,,,,,,,,,,,,,,,,,not reported,,,,table,high,,Methanosphaera optimum temperature range ends at 40°C (mesophilic upper bound)
10.1007/s11356-024-34471-8,"Biohythane production via anaerobic digestion process: fundamentals, scale-up challenges, and techno-economic and environmental aspects",2023,,none,,,anaerobic_digestion,,,,,25,C,mesophilic,,,,,,,,,,,,,,,,,,,,,,,,,not reported,,,,table,high,,Methanosarcina optimum temperature range starts at 25°C (mesophilic lower bound)
10.1007/s11356-024-34471-8,"Biohythane production via anaerobic digestion process: fundamentals, scale-up challenges, and techno-economic and environmental aspects",2023,,none,,,anaerobic_digestion,,,,,50,C,thermophilic,,,,,,,,,,,,,,,,,,,,,,,,,not reported,,,,table,high,,Methanosarcina optimum temperature range ends at 50°C (thermophilic upper bound)
10.1007/s11356-024-34471-8,"Biohythane production via anaerobic digestion process: fundamentals, scale-up challenges, and techno-economic and environmental aspects",2023,,none,,,anaerobic_digestion,,,,,80,C,thermophilic,,,,,,,,,,,,,,,,,,,,,,,,,not reported,,,,table,high,,"Methanocaldococcus; optimum 80–85 °C; hydrogenotrophic; NaCl, selenium, tungsten requirements"
10.1007/s11356-024-34471-8,"Biohythane production via anaerobic digestion process: fundamentals, scale-up challenges, and techno-economic and environmental aspects",2023,,none,,,anaerobic_digestion,,,,,85,C,thermophilic,,,,,,,,,,,,,,,,,,,,,,,,,not reported,,,,table,high,,"Methanocaldococcus; optimum 80–85 °C; hydrogenotrophic; NaCl, selenium, tungsten requirements"
10.1007/s11356-024-34471-8,"Biohythane production via anaerobic digestion process: fundamentals, scale-up challenges, and techno-economic and environmental aspects",2023,,none,,,anaerobic_digestion,,,,,75,C,thermophilic,,,,,,,,,,,,,,,,,,,,,,,,,not reported,,,,table,high,,Methanotorris; optimum 75–88 °C; hydrogenotrophic
10.1007/s11356-024-34471-8,"Biohythane production via anaerobic digestion process: fundamentals, scale-up challenges, and techno-economic and environmental aspects",2023,,none,,,anaerobic_digestion,,,,,88,C,thermophilic,,,,,,,,,,,,,,,,,,,,,,,,,not reported,,,,table,high,,Methanotorris; optimum 75–88 °C; hydrogenotrophic
10.1007/s11356-024-34471-8,"Biohythane production via anaerobic digestion process: fundamentals, scale-up challenges, and techno-economic and environmental aspects",2023,,none,,,anaerobic_digestion,,,,,98,C,thermophilic,,,,,,,,,,,,,,,,,,,,,,,,,not reported,,,,table,high,,Methanopyrus; optimum 98 °C; hydrogenotrophic; highly saline environments
10.1007/s11356-024-34471-8,"Biohythane production via anaerobic digestion process: fundamentals, scale-up challenges, and techno-economic and environmental aspects",2023,,none,Garbage slurry containing shredded office papers,,fermentation,CSTR,not reported,not reported,not reported,60,C,thermophilic,,1.2,days,97,kg COD/m3/d,,not reported,,,,,,,,,,,,,,,,,,not reported,hydrogen,5.4,m3/m3/d,table,high,,First stage (hydrogen production)
10.1007/s11356-024-34471-8,"Biohythane production via anaerobic digestion process: fundamentals, scale-up challenges, and techno-economic and environmental aspects",2023,,none,Garbage slurry containing shredded office papers,,anaerobic_digestion,IRPR,not reported,not reported,not reported,55,C,thermophilic,,6.8,days,15.7,kg COD/m3/d,,not reported,,,6.1,m3/m3/d,,,,,,,,,,,,,,not reported,methane,6.1,m3/m3/d,table,high,,Second stage (methane production)
10.1007/s11356-024-34471-8,"Biohythane production via anaerobic digestion process: fundamentals, scale-up challenges, and techno-economic and environmental aspects",2023,,none,Cow dung,untreated domestic wastewater sludge,fermentation,Batch,batch,not reported,not reported,55,C,thermophilic,5.5,,,,,,not reported,,,,,,,,,,,,,,,,,,not reported,hydrogen,108.04,mL/g VS,table,high,,First stage (hydrogen production)
10.1007/s11356-024-34471-8,"Biohythane production via anaerobic digestion process: fundamentals, scale-up challenges, and techno-economic and environmental aspects",2023,,none,Cow dung,untreated domestic wastewater sludge,anaerobic_digestion,Batch,batch,not reported,not reported,35,C,mesophilic,7.5,,,,,,not reported,,,768.54,mL/g VS,768.54,,,,,,,,,,,,,not reported,methane,768.54,mL/g VS,table,high,,Second stage (methane production)
10.1007/s11356-024-34471-8,"Biohythane production via anaerobic digestion process: fundamentals, scale-up challenges, and techno-economic and environmental aspects",2023,,none,Sedimented pulp and paper mill waste fiber,,fermentation,Batch,batch,not reported,not reported,37,C,mesophilic,6.4,,,,,,not reported,,,,,,,,,,,,,,,,,,not reported,hydrogen,42.1,mL/g VS,table,high,,First stage (hydrogen production)
10.1007/s11356-024-34471-8,"Biohythane production via anaerobic digestion process: fundamentals, scale-up challenges, and techno-economic and environmental aspects",2023,,none,Sedimented pulp and paper mill waste fiber,,anaerobic_digestion,Batch,batch,not reported,not reported,55,C,thermophilic,,,,,,,not reported,,,334,mL/g VS,334,,,,,,,,,,,,,not reported,methane,334,mL/g VS,table,high,,Second stage (methane production)
10.1007/s11356-024-34471-8,"Biohythane production via anaerobic digestion process: fundamentals, scale-up challenges, and techno-economic and environmental aspects",2023,,none,Kitchen waste + municipal sewage sludge,,anaerobic_digestion,Bioreactors with daily feeding mode,not reported,not reported,not reported,55,C,thermophilic,10,,,12.5,g VS/L/d,,not reported,,,0.2,"L/g VS (BioH2, first stage)",200,,,,,,,,,,,,,not reported,hydrogen,0.2,L/g VS,table,high,,First stage (BioH2); yield unit converted to mL/g VS
10.1007/s11356-024-34471-8,"Biohythane production via anaerobic digestion process: fundamentals, scale-up challenges, and techno-economic and environmental aspects",2023,,none,Kitchen waste + municipal sewage sludge,,anaerobic_digestion,Bioreactors with daily feeding mode,not reported,not reported,not reported,55,C,thermophilic,,,,5,g VS/L/d,,not reported,,,0.73,"L/g VS (BioCH4, second stage)",730,,,,,,,,,,,,,not reported,methane,0.73,L/g VS,table,high,,Second stage (BioCH4); yield unit converted to mL/g VS
10.1007/s11356-024-34471-8,"Biohythane production via anaerobic digestion process: fundamentals, scale-up challenges, and techno-economic and environmental aspects",2023,,none,Food waste,,anaerobic_digestion,Batch,batch,not reported,not reported,35,C,mesophilic,7.5,,,,,10,not reported,,,102.79,"mL/g VS (BioH2, first stage)",102.79,,,,,,,,,,,,,not reported,hydrogen,102.79,mL/g VS,table,high,,First stage (BioH2)
10.1007/s11356-024-34471-8,"Biohythane production via anaerobic digestion process: fundamentals, scale-up challenges, and techno-economic and environmental aspects",2023,,none,Food waste,,anaerobic_digestion,Batch,batch,not reported,not reported,35,C,mesophilic,7.5,,,,,,not reported,,,351.97,"mL/g VS (BioCH4, second stage)",351.97,,,,,,,,,,,,,not reported,methane,351.97,mL/g VS,table,high,,"Second stage (BioCH4); tween 80 addition, 0.1% v/v"
10.1007/s11356-024-34471-8,"Biohythane production via anaerobic digestion process: fundamentals, scale-up challenges, and techno-economic and environmental aspects",2023,Chlorella sp.,none,Glucose,,anaerobic_digestion,Batch,batch,not reported,not reported,35,C,mesophilic,7,,,,,,not reported,,,117.17,"mL/g glucose (BioH2, first stage)",,,,,,,,,,,,,,not reported,hydrogen,117.17,mL/g glucose,table,high,,"First stage (BioH2); microalgae biochar addition, 10 g/L"
10.1007/s11356-024-34471-8,"Biohythane production via anaerobic digestion process: fundamentals, scale-up challenges, and techno-economic and environmental aspects",2023,,none,Glucose,,anaerobic_digestion,Batch,batch,not reported,not reported,35,C,mesophilic,8,,,,,,not reported,,,22.77,"mL/g glucose (BioCH4, second stage)",,,,,,,,,,,,,,not reported,methane,22.77,mL/g glucose,table,high,,Second stage (BioCH4)
10.1007/s11356-024-34471-8,"Biohythane production via anaerobic digestion process: fundamentals, scale-up challenges, and techno-economic and environmental aspects",2023,,none,Sucrose,,anaerobic_digestion,CSTR,continuous,,,35,C,mesophilic,5.25,12,hours,22.5,g COD/L/d,,,,,,,,,,,,,,,,,,,,not reported,hydrogen,189,mL/g COD,table,high,,First stage of two-stage system
10.1007/s11356-024-34471-8,"Biohythane production via anaerobic digestion process: fundamentals, scale-up challenges, and techno-economic and environmental aspects",2023,,none,Sucrose,,anaerobic_digestion,Upflow anaerobic filter,continuous,,,,,,,2,days,4.3,g COD/L/d,,,,,323,mL/g COD,,,,,,,,,,,,,,not reported,methane,323,mL/g COD,table,high,,Second stage of two-stage system; temperature reported as 'room temperature'
10.1007/s11356-024-34471-8,"Biohythane production via anaerobic digestion process: fundamentals, scale-up challenges, and techno-economic and environmental aspects",2023,,none,Cheese whey,,anaerobic_digestion,CSTR,continuous,,,35,C,mesophilic,,24,hours,,,,,,,,,,,,,,,,,,,,,,not reported,hydrogen,2.51,L/d,table,high,,First stage; also reports 0.041 m3/kg COD
10.1007/s11356-024-34471-8,"Biohythane production via anaerobic digestion process: fundamentals, scale-up challenges, and techno-economic and environmental aspects",2023,,none,Cheese whey,,anaerobic_digestion,PABR,continuous,,,35,C,mesophilic,,4.4,days,,,,,,,75.6,L/d,,,,,,,,,,,,,,not reported,methane,75.6,L/d,table,high,,Second stage
10.1007/s11356-024-34471-8,"Biohythane production via anaerobic digestion process: fundamentals, scale-up challenges, and techno-economic and environmental aspects",2023,,none,OFMSW (rice portion),,anaerobic_digestion,Batch,batch,,,37,C,mesophilic,5.5,,,,,,,,,,,,,,,,,,,,,,,,not reported,hydrogen,125,mL/g VS,table,high,,First stage
10.1007/s11356-024-34471-8,"Biohythane production via anaerobic digestion process: fundamentals, scale-up challenges, and techno-economic and environmental aspects",2023,,none,OFMSW (rice portion),,anaerobic_digestion,Batch,batch,,,37,C,mesophilic,6.5,,,,,,,,,232,mL/g VS,232,,,,,,,,,,,,,not reported,methane,232,mL/g VS,table,high,,Second stage
10.1007/s11356-024-34471-8,"Biohythane production via anaerobic digestion process: fundamentals, scale-up challenges, and techno-economic and environmental aspects",2023,Laminaria digitata,feedstock,Macro-algae (Laminaria digitata),micro-algae (Nannochloropsis oceanica),anaerobic_digestion,Batch,batch,,,37,C,mesophilic,6,,,,,,,,,94.5,mL/g VS,94.5,,,,,,,,,,,,,not reported,,,,table,high,,First stage; co-digestion with Nannochloropsis oceanica
10.1007/s11356-024-34471-8,"Biohythane production via anaerobic digestion process: fundamentals, scale-up challenges, and techno-economic and environmental aspects",2023,Laminaria digitata,feedstock,Macro-algae (Laminaria digitata),micro-algae (Nannochloropsis oceanica),anaerobic_digestion,Batch,batch,,,37,C,mesophilic,8,,,,,0.5,,,,295.9,mL/g VS,295.9,,,,,,,,,,,,,not reported,,,,table,high,,Second stage; co-digestion with Nannochloropsis oceanica; S/I ratio 0.5 (VS basis)
10.1007/s11356-024-34471-8,"Biohythane production via anaerobic digestion process: fundamentals, scale-up challenges, and techno-economic and environmental aspects",2023,,none,Artificial garbage slurry containing milled paper,,anaerobic_digestion,Jar fermenter,batch,not reported,none,60,C,thermophilic,6,12,hours,74.3,g/L/d,,not reported,,,,,,,,,,,,,,,,,,not reported,hydrogen,199,mmol/Lreactord,table,high,,First stage of two-stage AD
10.1007/s11356-024-34471-8,"Biohythane production via anaerobic digestion process: fundamentals, scale-up challenges, and techno-economic and environmental aspects",2023,,none,Artificial garbage slurry containing milled paper,,anaerobic_digestion,TDAPR,batch,not reported,none,55,C,thermophilic,,13,hours,76.9,g/L/d,,not reported,,,442,mmol/Lreactord,,,,,,,,,,,,,,not reported,methane,442,mmol/Lreactord,table,high,,Second stage of two-stage AD
10.1007/s11356-024-34471-8,"Biohythane production via anaerobic digestion process: fundamentals, scale-up challenges, and techno-economic and environmental aspects",2023,,none,Disposable nappies + fruit/vegetable waste,,anaerobic_digestion,CSTR,not reported,not reported,none,37,C,mesophilic,,2,days,16.75,kg COD/m3/d,,not reported,,,,,,,,,,,,,,,,,,not reported,hydrogen,0.88,L/lfed,table,high,,First stage of two-stage AD
10.1007/s11356-024-34471-8,"Biohythane production via anaerobic digestion process: fundamentals, scale-up challenges, and techno-economic and environmental aspects",2023,,none,Disposable nappies + fruit/vegetable waste,,anaerobic_digestion,CSTR,not reported,not reported,none,37,C,mesophilic,,25,days,1.32,kg COD/m3/d,,not reported,,,0.31,L/g CODremoved,,,,,,,,,,,,,,not reported,methane,0.31,L/g CODremoved,table,high,,Second stage of two-stage AD
10.1007/s11356-024-34471-8,"Biohythane production via anaerobic digestion process: fundamentals, scale-up challenges, and techno-economic and environmental aspects",2023,,none,Food waste,,anaerobic_digestion,CSTR,not reported,not reported,none,35,C,mesophilic,5.5,3,days,14.2,kg TVS/m3/d,,not reported,,,12.6,L/kg TVS/d,,,,,,,,,,,,,,not reported,hydrogen,12.6,L/kg TVS/d,table,high,,First stage of two-stage AD
10.1007/s11356-024-34471-8,"Biohythane production via anaerobic digestion process: fundamentals, scale-up challenges, and techno-economic and environmental aspects",2023,,none,Food waste,,anaerobic_digestion,CSTR,not reported,not reported,none,35,C,mesophilic,,12.8,days,2.5,kg TVS/m3/d,,not reported,,,482.1,L/kg TVS/d,,,,,,,,,,,,,,not reported,methane,482.1,L/kg TVS/d,table,high,,Second stage of two-stage AD
10.1007/s11356-024-34471-8,"Biohythane production via anaerobic digestion process: fundamentals, scale-up challenges, and techno-economic and environmental aspects",2023,,none,Food waste + activated sludge,,anaerobic_digestion,CSTR,not reported,not reported,none,35,C,mesophilic,5.5,3,days,14.6,kg TVS/m3/d,,not reported,,,8.6,L/kg TVS/d,,,,,,,,,,,,,,not reported,hydrogen,8.6,L/kg TVS/d,table,high,,First stage of two-stage AD
10.1007/s11356-024-34471-8,"Biohythane production via anaerobic digestion process: fundamentals, scale-up challenges, and techno-economic and environmental aspects",2023,,none,Food waste + activated sludge,,anaerobic_digestion,CSTR,not reported,not reported,none,35,C,mesophilic,,11.9,days,2.5,kg TVS/m3/d,,not reported,,,428.3,L/kg TVS/d,,,,,,,,,,,,,,not reported,methane,428.3,L/kg TVS/d,table,high,,Second stage of two-stage AD
10.1007/s11356-024-34471-8,"Biohythane production via anaerobic digestion process: fundamentals, scale-up challenges, and techno-economic and environmental aspects",2023,,none,Food waste,,anaerobic_digestion,CSTR,not reported,not reported,none,55,C,thermophilic,,5,days,18,kg VS/m3/d,,not reported,,,135,L/kg/VS,,,,,,,,,,,,,,not reported,hydrogen,135,L/kg/VS,table,high,,First stage of two-stage AD
10.1007/s11356-024-34471-8,"Biohythane production via anaerobic digestion process: fundamentals, scale-up challenges, and techno-economic and environmental aspects",2023,,none,Food waste,,anaerobic_digestion,CSTR,not reported,not reported,none,35,C,mesophilic,,9,days,5.7,kg VS/m3/d,,not reported,,,510,L/kg/VS,,,,,,,,,,,,,,not reported,methane,510,L/kg/VS,table,high,,Second stage of two-stage AD
10.1007/s11356-024-34471-8,"Biohythane production via anaerobic digestion process: fundamentals, scale-up challenges, and techno-economic and environmental aspects",2023,,co_culture,Microalgae + fecal sludge,,anaerobic_digestion,Multi-batch reactor system,batch,not reported,none,30,C,not reported,6,,,,,,not reported,,,24.5,mL/g VS,24.5,,,,,,,,,,,,,not reported,hydrogen,24.5,mL/g VS,table,high,,First stage of two-stage AD
10.1007/s11356-024-34471-8,"Biohythane production via anaerobic digestion process: fundamentals, scale-up challenges, and techno-economic and environmental aspects",2023,,co_culture,Microalgae + fecal sludge,,anaerobic_digestion,Multi-batch reactor system,batch,not reported,none,30,C,not reported,7.5,,,,,,not reported,,,281,mL/g VS,281,,,,,,,,,,,,,not reported,methane,281,mL/g VS,table,high,,Second stage of two-stage AD
10.1007/s11356-024-34471-8,"Biohythane production via anaerobic digestion process: fundamentals, scale-up challenges, and techno-economic and environmental aspects",2023,,none,Grass silage + cattle slurry,,anaerobic_digestion,Batch,batch,not reported,none,55,C,thermophilic,6,,,,,,not reported,,,29.6,L/kg VS,29.6,,,,,,,,,,,,,not reported,hydrogen,29.6,L/kg VS,table,high,,First stage of two-stage AD; biochar addition 10 g/L
10.1007/s11356-024-34471-8,"Biohythane production via anaerobic digestion process: fundamentals, scale-up challenges, and techno-economic and environmental aspects",2023,,none,Grass silage + cattle slurry,,anaerobic_digestion,Batch,batch,not reported,none,37,C,mesophilic,7,,,,,0.5,not reported,,,253,L/kg VS,253,,,,,,,,,,,,,not reported,methane,253,L/kg VS,table,high,,Second stage of two-stage AD; biochar addition 10 g/L
10.1007/s11356-024-34471-8,"Biohythane production via anaerobic digestion process: fundamentals, scale-up challenges, and techno-economic and environmental aspects",2023,,none,Grass silage + Cattle slurry,,anaerobic_digestion,CSTR,not reported,not reported,none,55,C,thermophilic,5.5,4,days,14,g VS/L/d,,not reported,,,11.5,L/kg VS,11.5,,,,,,,,,,,,,not reported,hydrogen,11.5,L/kg VS,table,high,,First stage of two-stage AD; biochar addition 10 g/L
10.1007/s11356-024-34471-8,"Biohythane production via anaerobic digestion process: fundamentals, scale-up challenges, and techno-economic and environmental aspects",2023,,none,Grass silage + Cattle slurry,,anaerobic_digestion,CSTR,not reported,not reported,none,37,C,mesophilic,,16,days,4,g VS/L/d,,not reported,,,236.9,L/kg VS,236.9,,,,,,,,,,,,,not reported,methane,236.9,L/kg VS,table,high,,Second stage of two-stage AD; biochar addition 10 g/L
10.1007/s11356-024-34471-8,"Biohythane production via anaerobic digestion process: fundamentals, scale-up challenges, and techno-economic and environmental aspects",2023,,none,Date fruit wastes,,anaerobic_digestion,Semi-CSTR,not reported,not reported,none,37,C,mesophilic,6,118,hours,11.74,g VS/L/d,,not reported,,,0.081,L/g VS,81,,,,,,,,,,,,,not reported,hydrogen,0.081,L/g VS,table,high,,First stage of two-stage AD
10.1007/s11356-024-34471-8,"Biohythane production via anaerobic digestion process: fundamentals, scale-up challenges, and techno-economic and environmental aspects",2023,,none,Date fruit wastes,,anaerobic_digestion,Semi-CSTR,not reported,not reported,none,37,C,mesophilic,7.3,8,days,4.25,g VS/L/d,,not reported,,,0.53,L/g VS,530,,,,,,,,,,,,,not reported,methane,0.53,L/g VS,table,high,,Second stage of two-stage AD
10.1007/s11356-024-34471-8,"Biohythane production via anaerobic digestion process: fundamentals, scale-up challenges, and techno-economic and environmental aspects",2023,,none,Skim latex serum desulfated by 10 g/L rubber wood ash,,anaerobic_digestion,Batch,batch,not reported,none,55,C,thermophilic,7,,,,,,not reported,,,73.03,mL/g COD,,,,,,,,,,,,,,not reported,hydrogen,73.03,mL/g COD,table,high,,First stage of two-stage AD; S/I 70/30% v/v
10.1007/s11356-024-34471-8,"Biohythane production via anaerobic digestion process: fundamentals, scale-up challenges, and techno-economic and environmental aspects",2023,,none,Skim latex serum desulfated by 10 g/L rubber wood ash,,anaerobic_digestion,Batch,batch,not reported,none,35,C,mesophilic,7.55,,,,,,not reported,,,294.53,mL/g COD,,,,,,,,,,,,,,not reported,methane,294.53,mL/g COD,table,high,,Second stage of two-stage AD; S/I 30/70% v/v
10.1007/s11356-024-34471-8,"Biohythane production via anaerobic digestion process: fundamentals, scale-up challenges, and techno-economic and environmental aspects",2023,,none,Cassava starch-based polymer,,anaerobic_digestion,Semi-continuous,semi_continuous,,,37,C,mesophilic,,5,days,,,,,,,19.9,mL/g VS,19.9,,,,,,,,,,,,,not reported,hydrogen,19.9,mL/g VS,table,high,,First stage (hydrogen production)
10.1007/s11356-024-34471-8,"Biohythane production via anaerobic digestion process: fundamentals, scale-up challenges, and techno-economic and environmental aspects",2023,,none,Cassava starch-based polymer,,anaerobic_digestion,Semi-continuous,semi_continuous,,,37,C,mesophilic,,20,days,,,,,,,249.1,mL/g VS,249.1,,,,,,,,,,,,,not reported,methane,249.1,mL/g VS,table,high,,Second stage (methane production)
10.1007/s11356-024-34471-8,"Biohythane production via anaerobic digestion process: fundamentals, scale-up challenges, and techno-economic and environmental aspects",2023,,none,OFMSW,,anaerobic_digestion,Batch,batch,,nano-sized fly ash addition,55,C,thermophilic,,,,,,2,,,,123,mL/g VS,123,,,,,,,,,,,,,not reported,hydrogen,123,mL/g VS,table,high,,First stage; nano-sized fly ash addition 5 g/L
10.1007/s11356-024-34471-8,"Biohythane production via anaerobic digestion process: fundamentals, scale-up challenges, and techno-economic and environmental aspects",2023,,none,OFMSW,,anaerobic_digestion,Batch,batch,,,37,C,mesophilic,,,,,,4,,,,676,mL/g VS,676,,,,,,,,,,,,,not reported,methane,676,mL/g VS,table,high,,Second stage
10.1007/s11356-024-34471-8,"Biohythane production via anaerobic digestion process: fundamentals, scale-up challenges, and techno-economic and environmental aspects",2023,,none,Glucose,,anaerobic_digestion,Batch,batch,,,35,C,mesophilic,6,,,,,0.5,,,,,,,,,,,,,,,,,,,not reported,hydrogen,2.75,mol/mol glucose,table,high,,First stage (BioH2 production)
10.1007/s11356-024-34471-8,"Biohythane production via anaerobic digestion process: fundamentals, scale-up challenges, and techno-economic and environmental aspects",2023,,none,Glucose,,anaerobic_digestion,Batch,batch,,,35,C,mesophilic,8,,,,,1,,,,2.13,mol/mol glucose,,,,,,,,,,,,,,not reported,methane,2.13,mol/mol glucose,table,high,,Second stage (BioCH4 production)
10.1007/s11356-024-34471-8,"Biohythane production via anaerobic digestion process: fundamentals, scale-up challenges, and techno-economic and environmental aspects",2023,,none,Food waste,,anaerobic_digestion,Continuous,continuous,,,55,C,thermophilic,5.5,1.3,days,38.4,kg VS/m3/d,,,,,205,mL/g VS,205,,,,,,,,,,,,,not reported,hydrogen,205,mL/g VS,table,high,,First stage (BioH2 production)
10.1007/s11356-024-34471-8,"Biohythane production via anaerobic digestion process: fundamentals, scale-up challenges, and techno-economic and environmental aspects",2023,,none,Food waste,,anaerobic_digestion,Continuous,continuous,,,35,C,mesophilic,,5,days,6.6,kg VS/m3/d,,,,,464,mL/g VS,464,,,,,,,,,,,,,not reported,methane,464,mL/g VS,table,high,,Second stage (BioCH4 production)
10.1007/s11356-024-34471-8,"Biohythane production via anaerobic digestion process: fundamentals, scale-up challenges, and techno-economic and environmental aspects",2023,,none,Food waste,,anaerobic_digestion,Batch,batch,,,35,C,mesophilic,,,,,,,,,,303.38,mL/g VS,303.38,,,,,,,,,,,,,not reported,hydrogen,303.38,mL/g VS,table,high,,First stage (BioH2 production); S/I 0.2 v/v; ZVI 10 g/L; NaCl 9 g/L
10.1007/s11356-024-34471-8,"Biohythane production via anaerobic digestion process: fundamentals, scale-up challenges, and techno-economic and environmental aspects",2023,,none,Food waste,,anaerobic_digestion,Batch,batch,,,35,C,mesophilic,7,,,,,,,,,253.84,mL/g VS,253.84,,,,,,,,,,,,,not reported,methane,253.84,mL/g VS,table,high,,Second stage (BioCH4 production)
10.1007/s11356-024-34471-8,"Biohythane production via anaerobic digestion process: fundamentals, scale-up challenges, and techno-economic and environmental aspects",2023,,none,Cheese whey,Glycerin,anaerobic_digestion,AFBR,,,,55,C,thermophilic,,4,hours,11.6,kg COD/m3/d,,,,,9.9,mol/kg CODremoved,,,,,,,,,,,,,,not reported,hydrogen,9.9,mol/kg CODremoved,table,high,,First stage (BioH2 production)
10.1007/s11356-024-34471-8,"Biohythane production via anaerobic digestion process: fundamentals, scale-up challenges, and techno-economic and environmental aspects",2023,,none,Cheese whey,Glycerin,anaerobic_digestion,AFBR,,,,30,C,mesophilic,,24,hours,18.5,kg COD/m3/d,,,,,14,mol/kg CODremoved,,,,,,,,,,,,,,not reported,methane,14,mol/kg CODremoved,table,high,,Second stage (BioCH4 production)
10.1007/s11356-024-34471-8,"Biohythane production via anaerobic digestion process: fundamentals, scale-up challenges, and techno-economic and environmental aspects",2023,,none,Palm oil mill effluent,Concentrated latex wastewater,anaerobic_digestion,CSTR,,,,55,C,thermophilic,,7,days,3.14,g VS/L/d,,,,,95.45,mL/g VS,95.45,,,,,,,,,,,,,not reported,hydrogen,95.45,mL/g VS,table,high,,First stage (BioH2 production)
10.1007/s11356-024-34471-8,"Biohythane production via anaerobic digestion process: fundamentals, scale-up challenges, and techno-economic and environmental aspects",2023,,none,Palm oil mill effluent,Concentrated latex wastewater,anaerobic_digestion,UASB,,,,30,C,mesophilic,,15,days,3.14,g VS/L/d,,,,,1.2,mL/g VS,1.2,,,,,,,,,,,,,not reported,methane,1.2,mL/g VS,table,high,,Second stage (BioCH4 production)
10.1007/s11356-024-34471-8,"Biohythane production via anaerobic digestion process: fundamentals, scale-up challenges, and techno-economic and environmental aspects",2023,,none,Cheese whey,,anaerobic_digestion,AnSBBR,,,,55,C,thermophilic,,,,,,,,,,11.1,kmol/d,,,,,,,,,,,,,,not reported,hydrogen,11.1,kmol/d,table,high,,First stage (BioH2 production); feeding rate 661 kg COD/d
10.1007/s11356-024-34471-8,"Biohythane production via anaerobic digestion process: fundamentals, scale-up challenges, and techno-economic and environmental aspects",2023,,none,Cheese whey,,anaerobic_digestion,AnSBBR,,,,55,C,thermophilic,,,,,,,,,,0.885,kmol/d,,,,,,,,,,,,,,not reported,methane,0.885,kmol/d,table,high,,Second stage (BioCH4 production); feeding rate 89.8 kg COD/d
10.1007/s11356-024-34471-8,"Biohythane production via anaerobic digestion process: fundamentals, scale-up challenges, and techno-economic and environmental aspects",2023,,none,Food waste,,anaerobic_digestion,Batch,batch,,,37,C,mesophilic,6.5,,,,,,,,,154.91,mL/g VS,154.91,,,,,,,,,,,,,not reported,hydrogen,154.91,mL/g VS,table,high,,First stage (BioH2 production)
10.1007/s11356-024-34471-8,"Biohythane production via anaerobic digestion process: fundamentals, scale-up challenges, and techno-economic and environmental aspects",2023,,none,Food waste,,anaerobic_digestion,Batch,batch,,,37,C,mesophilic,7.5,,,,,,,,,381.83,mL/g VS,381.83,,,,,,,,,,,,,not reported,methane,381.83,mL/g VS,table,high,,Second stage (BioCH4 production)
10.1007/s11356-024-34471-8,"Biohythane production via anaerobic digestion process: fundamentals, scale-up challenges, and techno-economic and environmental aspects",2023,,none,Food waste,,anaerobic_digestion,Continuous,continuous,,,35,C,mesophilic,,3,days,,,,,,,38.1,mL/g VS,38.1,,,,,,,,,,,,,not reported,hydrogen,38.1,mL/g VS,table,high,,First stage (BioH2 production)
10.1007/s11356-024-34471-8,"Biohythane production via anaerobic digestion process: fundamentals, scale-up challenges, and techno-economic and environmental aspects",2023,,none,Food waste,,anaerobic_digestion,Continuous,continuous,,,35,C,mesophilic,,15,days,,,,,,,439.6,mL/g VS,439.6,,,,,,,,,,,,,not reported,methane,439.6,mL/g VS,table,high,,Second stage (BioCH4 production)
10.1007/s11356-024-34471-8,"Biohythane production via anaerobic digestion process: fundamentals, scale-up challenges, and techno-economic and environmental aspects",2023,,none,Sugarcane bagasse,,anaerobic_digestion,Batch,batch,,,37,C,mesophilic,6.8,,,,,,,,,166.8,mL/L,,,,,,,,,,,,,,not reported,hydrogen,166.8,mL/L,table,high,,First stage (BioH2 production)
10.1007/s11356-024-34471-8,"Biohythane production via anaerobic digestion process: fundamentals, scale-up challenges, and techno-economic and environmental aspects",2023,,none,Sugarcane bagasse,,anaerobic_digestion,Batch,batch,,,37,C,mesophilic,,,,,,,,,,870.8,mL/L,,,,,,,,,,,,,,not reported,methane,870.8,mL/L,table,high,,Second stage (BioCH4 production)
10.1007/s11356-024-34471-8,"Biohythane production via anaerobic digestion process: fundamentals, scale-up challenges, and techno-economic and environmental aspects",2023,,none,Municipal food waste,Sewage sludge,anaerobic_digestion,Semi-continuous,not reported,,,35,C,mesophilic,7,,,,,,,,,0.93,mL/mL feedstock,,,,,,,,,,,,,,not reported,hydrogen,0.93,mL/mL feedstock,table,high,,First stage (BioH2 production); SRT 1.25 d
10.1007/s11356-024-34471-8,"Biohythane production via anaerobic digestion process: fundamentals, scale-up challenges, and techno-economic and environmental aspects",2023,,none,Municipal food waste,Sewage sludge,anaerobic_digestion,Semi-continuous,not reported,,,35,C,mesophilic,,,,,,,,,,9.5,mL/mL feedstock,,,,,,,,,,,,,,not reported,methane,9.5,mL/mL feedstock,table,high,,Second stage (BioCH4 production); SRT 12.5 d
10.1007/s11356-024-34471-8,"Biohythane production via anaerobic digestion process: fundamentals, scale-up challenges, and techno-economic and environmental aspects",2023,,none,Municipal biowaste,,anaerobic_digestion,CSTR,,,,55,C,thermophilic,,3.3,days,16,kg VS/m3/d,,,,,51,L/kg VS,51,,,,,,,,,,,,,not reported,hydrogen,51,L/kg VS,table,high,,First stage (BioH2 production)
10.1007/s11356-024-34471-8,"Biohythane production via anaerobic digestion process: fundamentals, scale-up challenges, and techno-economic and environmental aspects",2023,,none,Municipal biowaste,,anaerobic_digestion,CSTR,,,,55,C,thermophilic,,12.6,days,4,kg VS/m3/d,,,,,416,L/kg VS,416,,,,,,,,,,,,,not reported,methane,416,L/kg VS,table,high,,Second stage (BioCH4 production)
10.1007/s11356-024-34471-8,"Biohythane production via anaerobic digestion process: fundamentals, scale-up challenges, and techno-economic and environmental aspects",2023,,none,Potato waste,,anaerobic_digestion,CSTR,,,,35,C,mesophilic,5.5,6,hours,,,,,,,30,L/kg TS,,,,,,,,,,,,,,not reported,hydrogen,30,L/kg TS,table,high,,First stage (BioH2 production)
10.1007/s11356-024-34471-8,"Biohythane production via anaerobic digestion process: fundamentals, scale-up challenges, and techno-economic and environmental aspects",2023,,none,Potato waste,,anaerobic_digestion,CSTR,,,,35,C,mesophilic,7,90,hours,,,,,,,183,L/kg TS,,,,,,,,,,,,,,not reported,methane,183,L/kg TS,table,high,,Second stage (BioCH4 production)
10.1007/s11356-024-34471-8,"Biohythane production via anaerobic digestion process: fundamentals, scale-up challenges, and techno-economic and environmental aspects",2023,Chlorella sp.,feedstock,Microalgae (Chlorella sp.),,anaerobic_digestion,Batch,batch,,,37,C,mesophilic,6,,,,,,,,,9,mL/g VS,9,,,,,,,,,,,,,not reported,hydrogen,9,mL/g VS,table,high,,First stage (BioH2 production)
10.1007/s11356-024-34471-8,"Biohythane production via anaerobic digestion process: fundamentals, scale-up challenges, and techno-economic and environmental aspects",2023,Chlorella sp.,feedstock,Microalgae (Chlorella sp.),,anaerobic_digestion,Batch,batch,,,37,C,mesophilic,7,,,,,0.5,,,,311.9,mL/g VS,311.9,,,,,,,,,,,,,not reported,methane,311.9,mL/g VS,table,high,,Second stage (BioCH4 production); S/I 0.5 (VS basis)
10.1007/s11356-024-34471-8,"Biohythane production via anaerobic digestion process: fundamentals, scale-up challenges, and techno-economic and environmental aspects",2023,,none,Synthetic wastewater,,anaerobic_digestion,Suspended-growth reactor,not reported,not reported,not reported,35,C,mesophilic,,1,days,,,,not reported,,,,,,,,,,,,,,,,,,not reported,hydrogen,5.64,mL/g COD,table,high,,First stage (hydrogen production)
10.1007/s11356-024-34471-8,"Biohythane production via anaerobic digestion process: fundamentals, scale-up challenges, and techno-economic and environmental aspects",2023,,none,Synthetic wastewater,,anaerobic_digestion,Suspended-growth reactor,not reported,not reported,not reported,35,C,mesophilic,,20,days,,,,not reported,,,320,mL/g COD,,,,,,,,,,,,,,not reported,methane,320,mL/g COD,table,high,,Second stage (methane production)
10.1007/s11356-024-34471-8,"Biohythane production via anaerobic digestion process: fundamentals, scale-up challenges, and techno-economic and environmental aspects",2023,,none,Household solid waste,,anaerobic_digestion,CSTR,not reported,not reported,not reported,37,C,mesophilic,,,,37.5,kg VS/m3/d,,not reported,,,,,,,,,,,,,,,,,,not reported,hydrogen,43,mL/g VS,table,high,,First stage (hydrogen production)
10.1007/s11356-024-34471-8,"Biohythane production via anaerobic digestion process: fundamentals, scale-up challenges, and techno-economic and environmental aspects",2023,,none,Household solid waste,,anaerobic_digestion,CSTR,not reported,not reported,not reported,37,C,mesophilic,,,,4.1,kg VS/m3/d,,not reported,,,500,mL/g VS,500,,,,,,,,,,,,,not reported,methane,500,mL/g VS,table,high,,Second stage (methane production)
10.1007/s11356-024-34471-8,"Biohythane production via anaerobic digestion process: fundamentals, scale-up challenges, and techno-economic and environmental aspects",2023,,none,Food waste hydrolysate,,anaerobic_digestion,Batch,batch,not reported,not reported,35,C,mesophilic,5.5,,,,,,not reported,,,,,,,,,,,,,,,,,,not reported,hydrogen,21.33,mL/g VS,table,high,,First stage (hydrogen production)
10.1007/s11356-024-34471-8,"Biohythane production via anaerobic digestion process: fundamentals, scale-up challenges, and techno-economic and environmental aspects",2023,,none,Food waste hydrolysate,,anaerobic_digestion,Batch,batch,not reported,not reported,35,C,mesophilic,7.2,,,,,,not reported,,,373.83,mL/g VS,373.83,,,,,,,,,,,,,not reported,methane,373.83,mL/g VS,table,high,,Second stage (methane production)
10.1007/s11356-024-34471-8,"Biohythane production via anaerobic digestion process: fundamentals, scale-up challenges, and techno-economic and environmental aspects",2023,,none,Synthetic wastewater,,anaerobic_digestion,AnSBBR,not reported,not reported,not reported,28,C,mesophilic,6.0,,,4.75,kg COD/m3/d,,not reported,,,,,,,,,,,,,,,,,,not reported,hydrogen,1.59,mol/kg CODremoved,table,high,,First stage (hydrogen production)
10.1007/s11356-024-34471-8,"Biohythane production via anaerobic digestion process: fundamentals, scale-up challenges, and techno-economic and environmental aspects",2023,,none,Synthetic wastewater,,anaerobic_digestion,AnSBBR,not reported,not reported,not reported,28,C,mesophilic,7.0,,,1.81,kg COD/m3/d,,not reported,,,0.363,m3/kg CODremoved,,,,,,,,,,,,,,not reported,methane,0.363,m3/kg CODremoved,table,high,,Second stage (methane production)
10.1007/s11356-024-34471-8,"Biohythane production via anaerobic digestion process: fundamentals, scale-up challenges, and techno-economic and environmental aspects",2023,,none,Food waste,,anaerobic_digestion,Batch,batch,not reported,not reported,35,C,mesophilic,6,,,,,,not reported,,,,,,,,,,,,,,,,,,not reported,hydrogen,73.64,mL/g VS,table,high,,First stage (hydrogen production)
10.1007/s11356-024-34471-8,"Biohythane production via anaerobic digestion process: fundamentals, scale-up challenges, and techno-economic and environmental aspects",2023,,none,Food waste,,anaerobic_digestion,Batch,batch,not reported,not reported,35,C,mesophilic,8,,,,,,not reported,,,139.24,mL/g VS,139.24,,,,,,,,,,,,,not reported,methane,139.24,mL/g VS,table,high,,Second stage (methane production)
10.1007/s11356-024-34471-8,"Biohythane production via anaerobic digestion process: fundamentals, scale-up challenges, and techno-economic and environmental aspects",2023,,none,Sewage sludge,,anaerobic_digestion,Batch,batch,not reported,not reported,35,C,mesophilic,6,,,,,,not reported,,,,,,,,,,,,,,,,,,not reported,hydrogen,38.8,mL/g VS,table,high,,First stage (hydrogen production)
10.1007/s11356-024-34471-8,"Biohythane production via anaerobic digestion process: fundamentals, scale-up challenges, and techno-economic and environmental aspects",2023,,none,Sewage sludge,,anaerobic_digestion,Batch,batch,not reported,not reported,35,C,mesophilic,8,,,,,,not reported,,,96.9,mL/g VS,96.9,,,,,,,,,,,,,not reported,methane,96.9,mL/g VS,table,high,,Second stage (methane production)
10.1007/s11356-024-34471-8,"Biohythane production via anaerobic digestion process: fundamentals, scale-up challenges, and techno-economic and environmental aspects",2023,,none,Sewage sludge + Wine vinasse + Poultry manure,,anaerobic_digestion,CSTR,not reported,not reported,not reported,55,C,thermophilic,,5,days,,,4,not reported,,,,,,,,,,,,,,,,,,not reported,hydrogen,40.41,mL/g VS,table,high,,First stage (hydrogen production)
10.1007/s11356-024-34471-8,"Biohythane production via anaerobic digestion process: fundamentals, scale-up challenges, and techno-economic and environmental aspects",2023,,none,Sewage sludge + Wine vinasse + Poultry manure,,anaerobic_digestion,CSTR,not reported,not reported,not reported,35,C,mesophilic,,12,days,,,4,not reported,,,391.0,mL/g VS,391.0,,,,,,,,,,,,,not reported,methane,391.0,mL/g VS,table,high,,Second stage (methane production)
10.1007/s11356-024-34471-8,"Biohythane production via anaerobic digestion process: fundamentals, scale-up challenges, and techno-economic and environmental aspects",2023,,none,Food waste + Chicken manure + Corn straw,,anaerobic_digestion,Batch,batch,not reported,not reported,55,C,thermophilic,5.5,,,,,2,not reported,,,,,,,,,,,,,,,,,,not reported,hydrogen,81.54,mL/g VS,table,high,,First stage (hydrogen production)
10.1007/s11356-024-34471-8,"Biohythane production via anaerobic digestion process: fundamentals, scale-up challenges, and techno-economic and environmental aspects",2023,,none,Food waste + Chicken manure + Corn straw,,anaerobic_digestion,Batch,batch,not reported,not reported,55,C,thermophilic,7.5,,,,,1,not reported,,,550.98,mL/g VS,550.98,,,,,,,,,,,,,not reported,methane,550.98,mL/g VS,table,high,,Second stage (methane production)
10.1007/s11356-024-34471-8,"Biohythane production via anaerobic digestion process: fundamentals, scale-up challenges, and techno-economic and environmental aspects",2023,,none,Spent mushroom bed,,anaerobic_digestion,Semi-continuous,semi_continuous,not reported,not reported,38,C,mesophilic,,6,days,7.2,g COD/L/d,,not reported,,,,,,,,,,,,,,,,,,not reported,hydrogen,47.88,L/Kg VS,table,high,,First stage (hydrogen production)
10.1007/s11356-024-34471-8,"Biohythane production via anaerobic digestion process: fundamentals, scale-up challenges, and techno-economic and environmental aspects",2023,,none,Spent mushroom bed,,anaerobic_digestion,Batch,batch,not reported,not reported,38,C,mesophilic,,,,,,1,not reported,,,204.61,L/Kg VS,204.61,,,,,,,,,,,,,not reported,methane,204.61,L/Kg VS,table,high,,Second stage (methane production)
10.1007/s11356-024-34471-8,"Biohythane production via anaerobic digestion process: fundamentals, scale-up challenges, and techno-economic and environmental aspects",2023,Scenedesmus obliquus,feedstock,Microalgae (S. obliquus),,anaerobic_digestion,Batch,batch,not reported,not reported,37,C,mesophilic,,,,,,,not reported,,,,,,,,,,,,,,,,,,not reported,hydrogen,56,cm3/g VS,table,high,,First stage (hydrogen production); 1 cm3 = 1 mL
10.1007/s11356-024-34471-8,"Biohythane production via anaerobic digestion process: fundamentals, scale-up challenges, and techno-economic and environmental aspects",2023,Scenedesmus obliquus,feedstock,Microalgae (S. obliquus),,anaerobic_digestion,Batch,batch,not reported,not reported,37,C,mesophilic,,,,,,,not reported,,,119,cm3/g VS,119,,,,,,,,,,,,,not reported,methane,119,cm3/g VS,table,high,,Second stage (methane production); 1 cm3 = 1 mL
10.1007/s11356-024-34471-8,"Biohythane production via anaerobic digestion process: fundamentals, scale-up challenges, and techno-economic and environmental aspects",2023,,none,Pre-aerated protein-rich food waste,,anaerobic_digestion,Batch,batch,not reported,not reported,35,C,mesophilic,6,,,,,0.3,not reported,,,,,,,,,,,,,,,,,,not reported,hydrogen,5.27,ml/g VS,table,high,,First stage (hydrogen production)
10.1007/s11356-024-34471-8,"Biohythane production via anaerobic digestion process: fundamentals, scale-up challenges, and techno-economic and environmental aspects",2023,,none,Pre-aerated protein-rich food waste,,anaerobic_digestion,Batch,batch,not reported,not reported,35,C,mesophilic,,,,,,0.3,not reported,,,351.69,ml/g VS,351.69,,,,,,,,,,,,,not reported,methane,351.69,ml/g VS,table,high,,Second stage (methane production)
10.1007/s11356-024-34471-8,"Biohythane production via anaerobic digestion process: fundamentals, scale-up challenges, and techno-economic and environmental aspects",2023,,none,,,anaerobic_digestion,CSTR,,,,,,,,,,,,,,,,,,,,,,,,,,,,,,,not reported,,,,table,high,,"CSTR advantages: ease of setup, uniform mixing, effective methanogen washout in hydrogenogenic stage; disadvantages: high energy demand, large volume, risk of biomass washout/short-circuiting at suboptimal HRTs."
10.1007/s11356-024-34471-8,"Biohythane production via anaerobic digestion process: fundamentals, scale-up challenges, and techno-economic and environmental aspects",2023,,none,,,anaerobic_digestion,UASB,,,,,,,,,,,,,,,,,,,,,,,,,,,,,,,not reported,,,,table,high,,"UASB advantages: low operational cost, high biomass retention, suitable for low TS feedstocks, handles high OLRs; disadvantages: long start-up, vulnerability to shock loads, requires effluent post-treatment and substrate filtration."
10.1007/s11356-024-34471-8,"Biohythane production via anaerobic digestion process: fundamentals, scale-up challenges, and techno-economic and environmental aspects",2023,,none,,,anaerobic_digestion,LBR,,,,,,,,,,,,,,,,,,,,,,,,,,,,,,,not reported,,,,table,high,,"LBR advantages: suitable for high TS feedstocks, low energy/water demand, effective separation of dissolved organics, prevents loss of partially decomposed substrate; disadvantages: inefficient hydrolysis of complex feedstocks, operational complexity, risk of bed clogging at high OLRs."
10.1007/s11356-024-34471-8,"Biohythane production via anaerobic digestion process: fundamentals, scale-up challenges, and techno-economic and environmental aspects",2023,,none,,,anaerobic_digestion,ASBR,,,,,,,,,,,,,,,,,,,,,,,,,,,,,,,not reported,,,,table,high,,"ASBR advantages: simple design, long solids retention, no short circuit, stable under hydraulic shocks; disadvantages: pressure variations, precise agitation needed, challenging decanting, risk of structure damage due to negative pressure."
10.1007/s11356-024-34471-8,"Biohythane production via anaerobic digestion process: fundamentals, scale-up challenges, and techno-economic and environmental aspects",2023,,none,,,anaerobic_digestion,,,,,83,C,thermophilic,,,,,,,,,,,,,,,,,,,,,,,,,not reported,methane,,,text,high,,Methanothermaceae family optimal growth temperature range starts at 83°C.
10.1007/s11356-024-34471-8,"Biohythane production via anaerobic digestion process: fundamentals, scale-up challenges, and techno-economic and environmental aspects",2023,,none,,,anaerobic_digestion,,,,,122,C,,,,,,,,,,,,,,,,,,,,,,,,,,not reported,,,,text,high,,Methanopyrus kandleri can survive at 122°C
10.1007/s11356-024-34471-8,"Biohythane production via anaerobic digestion process: fundamentals, scale-up challenges, and techno-economic and environmental aspects",2023,,none,,,anaerobic_digestion,,,,,0,C,psychrophilic,,,,,,,,,,,,,,,,,,,,,,,,,not reported,,,,text,high,,Methanogenium frigidum can thrive between 0 and 17°C
10.1007/s11356-024-34471-8,"Biohythane production via anaerobic digestion process: fundamentals, scale-up challenges, and techno-economic and environmental aspects",2023,,none,,,anaerobic_digestion,,,,,17,C,psychrophilic,,,,,,,,,,,,,,,,,,,,,,,,,not reported,,,,text,high,,Methanogenium frigidum can thrive between 0 and 17°C
10.1007/s11356-024-34471-8,"Biohythane production via anaerobic digestion process: fundamentals, scale-up challenges, and techno-economic and environmental aspects",2023,,none,,,anaerobic_digestion,,,,,,,,,3,hours,,,,,,,,,,,,,,,,,,,,,,not reported,,,,text,high,,Minimum reported HRT for hydrogenogenic stage (Chu et al. 2022)
10.1007/s11356-024-34471-8,"Biohythane production via anaerobic digestion process: fundamentals, scale-up challenges, and techno-economic and environmental aspects",2023,,none,,,anaerobic_digestion,,,,,,,,,10,days,,,,,,,,,,,,,,,,,,,,,,not reported,,,,text,high,,Maximum reported HRT for hydrogenogenic stage (Wirasembada et al. 2024)
10.1007/s11356-024-34471-8,"Biohythane production via anaerobic digestion process: fundamentals, scale-up challenges, and techno-economic and environmental aspects",2023,,none,,,anaerobic_digestion,,,,,,,,,3.5,hours,,,,,,,,,,,,,,,,,,,,,,not reported,,,,text,high,,Minimum reported HRT for methanogenesis stage (Wu et al. 2016b)
10.1007/s11356-024-34471-8,"Biohythane production via anaerobic digestion process: fundamentals, scale-up challenges, and techno-economic and environmental aspects",2023,,none,,,anaerobic_digestion,,,,,,,,,25,days,,,,,,,,,,,,,,,,,,,,,,not reported,,,,text,high,,Maximum reported HRT for methanogenesis stage (Dareioti et al. 2022; Sukphun et al. 2023a; Tsigkou et al. 2023)
10.1007/s11356-024-34471-8,"Biohythane production via anaerobic digestion process: fundamentals, scale-up challenges, and techno-economic and environmental aspects",2023,,none,catering waste,,anaerobic_digestion,,batch,,,,,,,,,,,,,,,,,,,,,,,,,,,,,,not reported,biohythane,23.6,mL/g VS,text,high,batch conditions,
10.1007/s11356-024-34471-8,"Biohythane production via anaerobic digestion process: fundamentals, scale-up challenges, and techno-economic and environmental aspects",2023,,none,OFMSW,,anaerobic_digestion,,,,,,,,,,,,,,,,,,,,,,,,,,,,,,,,not reported,biohythane,911.9,mL/g VS,text,high,,
10.1007/s11356-024-34471-8,"Biohythane production via anaerobic digestion process: fundamentals, scale-up challenges, and techno-economic and environmental aspects",2023,,none,organic solid waste from a regional market,,anaerobic_digestion,,,,,,,,,,,,,,,,,,,,,,,,,,,,,,,,not reported,biohythane,258,mL/g VS,text,high,,
10.1007/s11356-024-34471-8,"Biohythane production via anaerobic digestion process: fundamentals, scale-up challenges, and techno-economic and environmental aspects",2023,,none,household solid waste,,anaerobic_digestion,,,,,,,,,,,,,,,,,,,,,,,,,,,,,,,,not reported,biohythane,543,mL/g VS,text,high,,
10.1007/s11356-024-34471-8,"Biohythane production via anaerobic digestion process: fundamentals, scale-up challenges, and techno-economic and environmental aspects",2023,,none,raw food waste,,anaerobic_digestion,,,,,,,,,,,,,,,,,,,,,,,,,,,,,,,,not reported,biohythane,212.88,mL/g VS,text,high,,
10.1007/s11356-024-34471-8,"Biohythane production via anaerobic digestion process: fundamentals, scale-up challenges, and techno-economic and environmental aspects",2023,,none,food waste hydrolysate,,anaerobic_digestion,,,,,,,,,,,,,,,,,,,,,,,,,,,,,,,,not reported,biohythane,395.16,mL/g VS,text,high,,
10.1007/s11356-024-34471-8,"Biohythane production via anaerobic digestion process: fundamentals, scale-up challenges, and techno-economic and environmental aspects",2023,,none,pre-aerated protein-rich food waste,,anaerobic_digestion,,,,pre-aeration,,,,,,,,,,,,,,,,,,,,,,,,,,,,not reported,biohythane,356.96,mL/g VS,text,high,,
10.1007/s11356-024-34471-8,"Biohythane production via anaerobic digestion process: fundamentals, scale-up challenges, and techno-economic and environmental aspects",2023,,none,tomato plant residues,,anaerobic_digestion,,,,,,,,,,,,,,,,,,,,,,,,,,,,,,,,not reported,biohythane,264,mL/g VS,text,high,,
10.1007/s11356-024-34471-8,"Biohythane production via anaerobic digestion process: fundamentals, scale-up challenges, and techno-economic and environmental aspects",2023,,none,wheat straw,,anaerobic_digestion,,,,,,,,,,,,,,,,,,,,,,,,,,,,,,,,not reported,biohythane,396,mL/g VS,text,high,,
10.1007/s11356-024-34471-8,"Biohythane production via anaerobic digestion process: fundamentals, scale-up challenges, and techno-economic and environmental aspects",2023,,none,sweet sorghum,,anaerobic_digestion,,,,,,,,,,,,,,,,,,,,,,,,,,,,,,,,not reported,biohythane,39.4,mL/g substrate,text,high,,
10.1007/s11356-024-34471-8,"Biohythane production via anaerobic digestion process: fundamentals, scale-up challenges, and techno-economic and environmental aspects",2023,,none,date fruit wastes,,anaerobic_digestion,,,,,,,,,,,,,,,,,,,,,,,,,,,,,,,,not reported,biohythane,611,mL/g VS,text,high,,
10.1007/s11356-024-34471-8,"Biohythane production via anaerobic digestion process: fundamentals, scale-up challenges, and techno-economic and environmental aspects",2023,,none,sugarcane straw hemicellulose hydrolyzate,,anaerobic_digestion,,,,,,,,,,,,,,,,,,,,,,,,,,,,,,,,not reported,biohythane,288,mL/g COD,text,high,,
10.1007/s11356-024-34471-8,"Biohythane production via anaerobic digestion process: fundamentals, scale-up challenges, and techno-economic and environmental aspects",2023,,none,stillage,,anaerobic_digestion,,,,,,,,,,,,,,,,,,,,,,,,,,,,,,,,not reported,biohythane,417,mL/g VS,text,high,,
10.1007/s11356-024-34471-8,"Biohythane production via anaerobic digestion process: fundamentals, scale-up challenges, and techno-economic and environmental aspects",2023,,none,cassava stillage,,anaerobic_digestion,,,,,,,,,,,,,,,,,,,,,,,,,,,,,,,,not reported,biohythane,306,mL/g VS,text,high,,
10.1007/s11356-024-34471-8,"Biohythane production via anaerobic digestion process: fundamentals, scale-up challenges, and techno-economic and environmental aspects",2023,,none,vinasse,spent brewer yeast,anaerobic_digestion,,,,,,,,,,,,,,,,,,,,,,,,,,,,,,,,not reported,biohythane,258,mL/g VS,text,high,,
10.1007/s11356-024-34471-8,"Biohythane production via anaerobic digestion process: fundamentals, scale-up challenges, and techno-economic and environmental aspects",2023,,none,cheese whey,,anaerobic_digestion,not reported,not reported,not reported,not reported,,,not reported,,,,,,,not reported,,,325,mL CH4/g COD,,,,,,,,,,,,,,not reported,biohydrogen,36.86,mL H2/g COD,text,high,,"Two-stage AD; first stage H2, second stage CH4; Kovalev et al. (2022)"
10.1007/s11356-024-34471-8,"Biohythane production via anaerobic digestion process: fundamentals, scale-up challenges, and techno-economic and environmental aspects",2023,,none,cheese whey,,anaerobic_digestion,not reported,not reported,not reported,not reported,,,not reported,,,,,,,not reported,,,170,mL CH4/g COD,,,,,,,,,,,,,,not reported,biohydrogen,1.11,mole H2/mole lactose,text,high,,"Two-stage AD; first stage H2, second stage CH4; Moreno-Andrade et al. (2015)"
10.1007/s11356-024-34471-8,"Biohythane production via anaerobic digestion process: fundamentals, scale-up challenges, and techno-economic and environmental aspects",2023,,none,glucose,,anaerobic_digestion,not reported,not reported,not reported,not reported,,,not reported,,,,,,,not reported,,,147,mL CH4/g VSS,,,,,,,,,,,,,,not reported,biohydrogen,0.78,mole H2/mole glucose,text,high,,"Two-stage AD; first stage H2, second stage CH4; Venetsaneas et al. (2009)"
10.1007/s11356-024-34471-8,"Biohythane production via anaerobic digestion process: fundamentals, scale-up challenges, and techno-economic and environmental aspects",2023,,none,cheese whey,glycerin,anaerobic_digestion,not reported,not reported,not reported,not reported,,,not reported,,,,,,,not reported,,,,,,,,,,,,,,,,,,not reported,biohydrogen,9.9,mole H2/kg COD removed,text,high,,"Two-stage AD; first stage H2, second stage CH4; de Souza Almeida et al. (2023)"
10.1007/s11356-024-34471-8,"Biohythane production via anaerobic digestion process: fundamentals, scale-up challenges, and techno-economic and environmental aspects",2023,,none,cow dung,untreated domestic wastewater sludge,anaerobic_digestion,not reported,batch,not reported,not reported,,,not reported,,,,,,,not reported,,,,,,,,,,,,,,,,,,not reported,biohythane,877,mL/g VS,text,high,,Batch operation; cow dung + untreated domestic wastewater sludge
10.1007/s11356-024-34471-8,"Biohythane production via anaerobic digestion process: fundamentals, scale-up challenges, and techno-economic and environmental aspects",2023,,none,cattle slurry,grass silage,anaerobic_digestion,not reported,batch,not reported,not reported,,,not reported,,,,,,,not reported,,,,,,,,,,,,,,,,,,not reported,biohythane,288,mL/g VS,text,high,,Batch operation; cattle slurry + grass silage; Ning et al. (2023b)
10.1007/s11356-024-34471-8,"Biohythane production via anaerobic digestion process: fundamentals, scale-up challenges, and techno-economic and environmental aspects",2023,,none,poultry manure,wine vinasse and sewage sludge,anaerobic_digestion,not reported,continuous,not reported,not reported,,,not reported,,,,,,,not reported,,,,,,,,,,,,,,,,,,not reported,biohythane,431,mL/g VS,text,high,,Continuous operation; poultry manure + wine vinasse + sewage sludge
10.1007/s11356-024-34471-8,"Biohythane production via anaerobic digestion process: fundamentals, scale-up challenges, and techno-economic and environmental aspects",2023,,none,food waste,,anaerobic_digestion,batch,batch,,,,,,,,,,,,,,,,,,,,,,,,,,,,,,not reported,biohythane,632.52,mL/g VS,text,high,,Yield value as reported; batch process specified.
10.1007/s11356-024-34471-8,"Biohythane production via anaerobic digestion process: fundamentals, scale-up challenges, and techno-economic and environmental aspects",2023,,none,olive pulp,,anaerobic_digestion,,,,,,,,,,,,,,,,,,,,,,,,,,,,,,,,not reported,biohydrogen,0.13,mol bioH2/kg TS,text,high,,Biohydrogen yield as reported.
10.1007/s11356-024-34471-8,"Biohythane production via anaerobic digestion process: fundamentals, scale-up challenges, and techno-economic and environmental aspects",2023,,none,olive pulp,,anaerobic_digestion,,,,,,,,,,,,,,,,,0.16,L bioCH4/kg COD,,,,,,,,,,,,,,not reported,biomethane,0.16,L bioCH4/kg COD,text,high,,Methane yield as reported.
10.1007/s11356-024-34471-8,"Biohythane production via anaerobic digestion process: fundamentals, scale-up challenges, and techno-economic and environmental aspects",2023,,none,palm oil mill effluent,,anaerobic_digestion,,,,,,,,,,,,,,,,,,,,,,,,,,,,,,,,not reported,biohythane,535,L/kg COD,text,high,,Biohythane yield as reported.
10.1007/s11356-024-34471-8,"Biohythane production via anaerobic digestion process: fundamentals, scale-up challenges, and techno-economic and environmental aspects",2023,,none,palm oil mill effluent,concentrated latex wastewater,anaerobic_digestion,,,,,,,,,,,,,,,,,1.2,mL bioCH4/g VS,1.2,,,,,,,,,,,,,not reported,biomethane,1.2,mL bioCH4/g VS,text,high,,Methane yield as reported.
10.1007/s11356-024-34471-8,"Biohythane production via anaerobic digestion process: fundamentals, scale-up challenges, and techno-economic and environmental aspects",2023,"Laminaria digitata, Nannochloropsis oceanica",feedstock,macroalgae (Laminaria digitata) and microalgae (Nannochloropsis oceanica),,anaerobic_digestion,,,,,,,,,,,,,,,,,,,,,,,,,,,,,,,,not reported,biohythane,390.4,mL/g VS,text,high,,Combined macroalgae and microalgae as feedstock.
10.1007/s11356-024-34471-8,"Biohythane production via anaerobic digestion process: fundamentals, scale-up challenges, and techno-economic and environmental aspects",2023,,feedstock,microalgae,fecal sludge,anaerobic_digestion,,,,,,,,,,,,,,,,,281,mL bioCH4/g VS,281,,,,,,,,,,,,,not reported,biomethane,281,mL bioCH4/g VS,text,high,,Methane yield as reported.
10.1007/s11356-024-34471-8,"Biohythane production via anaerobic digestion process: fundamentals, scale-up challenges, and techno-economic and environmental aspects",2023,,feedstock,microalgae,fecal sludge,anaerobic_digestion,,,,,,,,,,,,,,,,,,,,,,,,,,,,,,,,not reported,biohydrogen,24.5,mL bioH2/g VS,text,high,,Biohydrogen yield as reported.
10.1007/s11356-024-34471-8,"Biohythane production via anaerobic digestion process: fundamentals, scale-up challenges, and techno-economic and environmental aspects",2023,,none,,,anaerobic_digestion,not reported,not reported,not reported,not reported,,,not reported,,,,,,,not reported,,,311.9,mL bioCH4/g VS,311.9,,,,,,,,,,,,,not reported,biohythane,321,mL/g VS,text,high,,Methane yield and total biohythane yield reported; substrate not specified in this excerpt.
10.1007/s11356-024-34471-8,"Biohythane production via anaerobic digestion process: fundamentals, scale-up challenges, and techno-economic and environmental aspects",2023,Scenedesmus obliquus,feedstock,Scenedesmus obliquus biomass,,anaerobic_digestion,not reported,not reported,not reported,not reported,,,not reported,,,,,,,not reported,,,119,cm3/g VS,119,,,,,,,,,,,,,not reported,biohythane,175,cm3/g VS,text,high,,"Biohydrogen and biomethane yields also reported: 56 cm3/g VS H2, 119 cm3/g VS CH4."
10.1007/s11356-024-34471-8,"Biohythane production via anaerobic digestion process: fundamentals, scale-up challenges, and techno-economic and environmental aspects",2023,,none,sedimented pulp and paper mill waste fiber,,anaerobic_digestion,not reported,not reported,not reported,not reported,,,not reported,,,,,,,not reported,,,,,,,,,,,,,,,,,,not reported,biohythane,376.1,mL/g VS,text,high,,
10.1007/s11356-024-34471-8,"Biohythane production via anaerobic digestion process: fundamentals, scale-up challenges, and techno-economic and environmental aspects",2023,,none,okara (tofu-processing residue),,anaerobic_digestion,not reported,not reported,not reported,not reported,,,not reported,,,,,,,not reported,,,64.4,mL/g VS,64.4,,,,,,,,,,,,,not reported,biohythane,114.4,mL/g VS,text,high,,Biohydrogen yield also reported: 50 mL/g VS H2.
10.1007/s11356-024-34471-8,"Biohythane production via anaerobic digestion process: fundamentals, scale-up challenges, and techno-economic and environmental aspects",2023,,none,okara (tofu-processing residue),,anaerobic_digestion,not reported,not reported,not reported,not reported,,,not reported,,,,,,,not reported,,,,,,,,,,,,,,,,,,not reported,biohythane,581.42,mL/g VS,text,high,,Higher biohythane yield from a different study.
10.1007/s11356-024-34471-8,"Biohythane production via anaerobic digestion process: fundamentals, scale-up challenges, and techno-economic and environmental aspects",2023,,none,residual glycerin,,anaerobic_digestion,not reported,not reported,not reported,not reported,,,not reported,,,,,,,not reported,,,,,,,,,,,,,,,,,,not reported,biohythane,976,mL/L medium,text,high,,
10.1007/s11356-024-34471-8,"Biohythane production via anaerobic digestion process: fundamentals, scale-up challenges, and techno-economic and environmental aspects",2023,,none,corn steep liquor,,anaerobic_digestion,not reported,not reported,not reported,not reported,,,not reported,,,,,,,not reported,,,220,cm3/L/day,,,,,,,,,,,,,,not reported,biohythane,,,text,high,,Biohydrogen yield also reported: 670 cm3/L/day H2.
10.1007/s11356-024-34471-8,"Biohythane production via anaerobic digestion process: fundamentals, scale-up challenges, and techno-economic and environmental aspects",2023,,none,Atriplex crassifolia (halophytic biomass),,anaerobic_digestion,not reported,not reported,not reported,not reported,,,not reported,,,,,,,not reported,,,8.5,mL/g,8.5,,,,,,,,,,,,,not reported,biohythane,,,text,high,,"Biohydrogen yield also reported: 13.2 mL/g H2 (first stage), 8.5 mL/g CH4 (second stage)."
10.1007/s11356-024-34471-8,"Biohythane production via anaerobic digestion process: fundamentals, scale-up challenges, and techno-economic and environmental aspects",2023,,none,Napier grass,,anaerobic_digestion,not reported,not reported,not reported,not reported,,,not reported,,,,,,,not reported,,,,,,,,,,,,,,,,,,not reported,biohythane,457,mL/g VS,text,high,,
10.1007/s11356-024-34471-8,"Biohythane production via anaerobic digestion process: fundamentals, scale-up challenges, and techno-economic and environmental aspects",2023,,none,skim latex serum (desulfated by rubber wood ash),,anaerobic_digestion,not reported,not reported,not reported,desulfation by rubber wood ash,,,not reported,,,,,,,not reported,,,294.53,mL/g COD,,,,,,,,,,,,,,not reported,biohythane,367.56,mL/g COD,text,high,,Biohydrogen yield also reported: 73.03 mL/g COD H2.
10.1007/s11356-024-34471-8,"Biohythane production via anaerobic digestion process: fundamentals, scale-up challenges, and techno-economic and environmental aspects",2023,,none,cassava starch-based polymers,,anaerobic_digestion,,,,,,,,,,,,,,,,,269,mL/g VS,269,,,,,,,,,,,,,not reported,,,,text,high,,Biohythane yield; methane and hydrogen not separated in this value.
10.1007/s11356-024-34471-8,"Biohythane production via anaerobic digestion process: fundamentals, scale-up challenges, and techno-economic and environmental aspects",2023,,none,water hyacinth leaves,,anaerobic_digestion,,,,,,,,,,,,,,,,,195.1,mL/g VS,195.1,,,,,,,,,,,,,not reported,,,,text,high,,Biohythane yield; methane and hydrogen also reported separately below.
10.1007/s11356-024-34471-8,"Biohythane production via anaerobic digestion process: fundamentals, scale-up challenges, and techno-economic and environmental aspects",2023,,none,water hyacinth leaves,,anaerobic_digestion,,,,,,,,,,,,,,,,,143.4,mL/g VS,143.4,,,,,,,,,,,,,not reported,hydrogen,51.7,mL/g VS,text,high,,Methane and hydrogen yields from biohythane process.
10.1007/s11356-024-34471-8,"Biohythane production via anaerobic digestion process: fundamentals, scale-up challenges, and techno-economic and environmental aspects",2023,,none,spent mushroom beds,,anaerobic_digestion,,,,,,,,,,,,,,,,,252.49,mL/g VS,252.49,,,,,,,,,,,,,not reported,,,,text,high,,Biohythane yield.
10.1007/s11356-024-34471-8,"Biohythane production via anaerobic digestion process: fundamentals, scale-up challenges, and techno-economic and environmental aspects",2023,,none,municipal biowaste,,anaerobic_digestion,CSTR,,,,55,C,thermophilic,,3.3,days,16,kg VS/m3/d,,,,,51,L/kg VS,51,,,,,,,,,,,,,not reported,hydrogen,51,L/kg VS,text,high,,First stage of two-stage CSTR system; value is for biohydrogen yield.
10.1007/s11356-024-34471-8,"Biohythane production via anaerobic digestion process: fundamentals, scale-up challenges, and techno-economic and environmental aspects",2023,,none,potato waste,,anaerobic_digestion,CSTR,not reported,not reported,not reported,35,C,mesophilic,5.5,6,hours,,,,not reported,,,,,,,,,,,,,,,,,,not reported,hydrogen,30,L bioH2/kg TS,text,high,,First stage of two-stage CSTR system
10.1007/s11356-024-34471-8,"Biohythane production via anaerobic digestion process: fundamentals, scale-up challenges, and techno-economic and environmental aspects",2023,,none,potato waste,,anaerobic_digestion,CSTR,not reported,not reported,not reported,35,C,mesophilic,7,90,days,,,,not reported,,,183,L bioCH4/kg TS,,,,,,,,,,,,,,not reported,methane,183,L bioCH4/kg TS,text,high,,Second stage of two-stage CSTR system
10.1007/s11356-024-34471-8,"Biohythane production via anaerobic digestion process: fundamentals, scale-up challenges, and techno-economic and environmental aspects",2023,,none,wine vinasse,sewage sludge and poultry manure,anaerobic_digestion,CSTR,not reported,not reported,not reported,55,C,thermophilic,,5,days,,,,not reported,,,,,,,,,,,,,,,,,,not reported,hydrogen,40.41,mL bioH2/g VS,text,high,,First stage of two-stage CSTR system
10.1007/s11356-024-34471-8,"Biohythane production via anaerobic digestion process: fundamentals, scale-up challenges, and techno-economic and environmental aspects",2023,,none,wine vinasse,sewage sludge and poultry manure,anaerobic_digestion,CSTR,not reported,not reported,not reported,35,C,mesophilic,,12,days,,,,not reported,,,391,mL bioCH4/g VS,391,,,,,,,,,,,,,not reported,methane,391,mL bioCH4/g VS,text,high,,Second stage of two-stage CSTR system
10.1007/s11356-024-34471-8,"Biohythane production via anaerobic digestion process: fundamentals, scale-up challenges, and techno-economic and environmental aspects",2023,,none,palm oil mill effluent,,anaerobic_digestion,UASB,not reported,not reported,not reported,55,C,thermophilic,,2,days,,,,not reported,,,,,,,,,,,,,,,,,,not reported,hydrogen,215,L bioH2/kg COD,text,high,,First stage of UASB-CSTR system
10.1007/s11356-024-34471-8,"Biohythane production via anaerobic digestion process: fundamentals, scale-up challenges, and techno-economic and environmental aspects",2023,,none,palm oil mill effluent,,anaerobic_digestion,CSTR,not reported,not reported,not reported,37,C,mesophilic,,5,days,,,,not reported,,,320,L bioCH4/kg COD,,,,,,,,,,,,,,not reported,methane,320,L bioCH4/kg COD,text,high,,Second stage of UASB-CSTR system
10.1007/s11356-024-34471-8,"Biohythane production via anaerobic digestion process: fundamentals, scale-up challenges, and techno-economic and environmental aspects",2023,,none,Agave tequilana bagasse,,anaerobic_digestion,CSTR,not reported,not reported,not reported,35,C,mesophilic,,6,hours,44,g COD/L/d,,not reported,,,,,,,,,,,,,,,,,,not reported,hydrogen,6,L/L/d bioH2,text,high,,First stage of CSTR-UASB system
10.1007/s11356-024-34471-8,"Biohythane production via anaerobic digestion process: fundamentals, scale-up challenges, and techno-economic and environmental aspects",2023,,none,Agave tequilana bagasse,,anaerobic_digestion,UASB,not reported,not reported,not reported,,,not reported,,14,hours,20,g COD/L/d,,not reported,,,6.4,L/L/d bioCH4,,,,,,,,,,,,,,not reported,methane,6.4,L/L/d bioCH4,text,high,,Second stage of CSTR-UASB system; temperature range 23-25 C
10.1007/s11356-024-34471-8,"Biohythane production via anaerobic digestion process: fundamentals, scale-up challenges, and techno-economic and environmental aspects",2023,,none,organic solid waste,,anaerobic_digestion,SBR,not reported,not reported,not reported,37,C,mesophilic,,16,hours,60,g VS/L/d,,not reported,,,,,,,,,,,,,,,,,,not reported,hydrogen,28,mL/g VS bioH2,text,high,,First stage of two-stage SBR-SBR system
10.1007/s11356-024-34471-8,"Biohythane production via anaerobic digestion process: fundamentals, scale-up challenges, and techno-economic and environmental aspects",2023,,none,organic solid waste,,anaerobic_digestion,SBR,not reported,not reported,not reported,37,C,mesophilic,,2.8,days,2.8,g VS/L/d,,not reported,,,230,mL/g VS bioCH4,230,,,,,,,,,,,,,not reported,methane,230,mL/g VS bioCH4,text,high,,Second stage of two-stage SBR-SBR system
10.1007/s11356-024-34471-8,"Biohythane production via anaerobic digestion process: fundamentals, scale-up challenges, and techno-economic and environmental aspects",2023,,none,synthetic wastewater,,other,SBBR,batch,not reported,not reported,28,C,mesophilic,,,,4.75,kg COD/m3/d,,not reported,,,,,,,,,,,,,,,,,,not reported,hydrogen,1.59,mol bioH2/kg COD_removed,text,high,,First SBBR stage
10.1007/s11356-024-34471-8,"Biohythane production via anaerobic digestion process: fundamentals, scale-up challenges, and techno-economic and environmental aspects",2023,,none,synthetic wastewater,,other,SBBR,batch,not reported,not reported,28,C,mesophilic,,,,1.81,kg COD/m3/d,,not reported,,,0.363,m3 bioCH4/kg COD_removed,,,,,,,,,,,,,,not reported,methane,0.363,m3 bioCH4/kg COD_removed,text,high,,Second SBBR stage
10.1007/s11356-024-34471-8,"Biohythane production via anaerobic digestion process: fundamentals, scale-up challenges, and techno-economic and environmental aspects",2023,,none,synthetic wastewater,,other,suspended-growth,not reported,not reported,not reported,,,mesophilic,,1,days,,,,not reported,,,,,,,,,,,,,,,,,,not reported,hydrogen,5.64,mL/g COD,text,high,,"First stage, HRT and SRT both 1 day, feed rate 0.225 L/d"
10.1007/s11356-024-34471-8,"Biohythane production via anaerobic digestion process: fundamentals, scale-up challenges, and techno-economic and environmental aspects",2023,,none,synthetic wastewater,,other,suspended-growth,not reported,not reported,not reported,,,mesophilic,,20,days,,,,not reported,,,320,mL bioCH4/g COD,,,,,,,,,,,,,,not reported,methane,320,mL bioCH4/g COD,text,high,,"Second stage, HRT and SRT both 20 days, feed rate 0.2 L/d"
10.1007/s11356-024-34471-8,"Biohythane production via anaerobic digestion process: fundamentals, scale-up challenges, and techno-economic and environmental aspects",2023,,none,wheat straw,,other,UASB,not reported,not reported,not reported,70,C,thermophilic,,1,days,9.9,g VS/L/d,,not reported,,,,,,,,,,,,,,,,,,not reported,hydrogen,89,mL/g VS,text,high,,First UASB stage
10.1007/s11356-024-34471-8,"Biohythane production via anaerobic digestion process: fundamentals, scale-up challenges, and techno-economic and environmental aspects",2023,,none,wheat straw,,other,UASB,not reported,not reported,not reported,55,C,thermophilic,,3,days,3.3,g VS/L/d,,not reported,,,307,mL/g VS,307,,,,,,,,,,,,,not reported,methane,307,mL/g VS,text,high,,Second UASB stage
10.1007/s11356-024-34471-8,"Biohythane production via anaerobic digestion process: fundamentals, scale-up challenges, and techno-economic and environmental aspects",2023,,none,cheese whey-glycerin mixture,,other,AFBR,not reported,not reported,not reported,55,C,thermophilic,,4,hours,11.6,kg COD/m3/d,,not reported,,,,,,,,,,,,,,,,,,not reported,hydrogen,9.9,mol bioH2/kg COD_removed,text,high,,First AFBR stage
10.1007/s11356-024-34471-8,"Biohythane production via anaerobic digestion process: fundamentals, scale-up challenges, and techno-economic and environmental aspects",2023,,none,cheese whey-glycerin mixture,,other,AFBR,not reported,not reported,not reported,30,C,mesophilic,,24,hours,18.5,kg COD/m3/d,,not reported,,,14,mol bioCH4/kg COD_removed,,,,,,,,,,,,,,not reported,methane,14,mol bioCH4/kg COD_removed,text,high,,Second AFBR stage
10.1016/j.rser.2024.114856,Life cycle assessment of power-to-methane and renewable methane production technologies,2023,,biogas_upgrading,,,other,,,,,40,C,,,,,,,,,,,,,,,,,,,,,,,,,,not reported,,,,table,high,,Water scrubbing: operation temperature 40°C
10.1016/j.rser.2024.114856,Life cycle assessment of power-to-methane and renewable methane production technologies,2023,,biogas_upgrading,,,other,,,,,,,,,,,,,,,,,,,,95,,,,,,,,,,,,not reported,,,,table,high,,Water scrubbing: methane content after upgrading 95–98%
10.1016/j.rser.2024.114856,Life cycle assessment of power-to-methane and renewable methane production technologies,2023,,biogas_upgrading,,,other,,,,,,,,,,,,,,,,,,,,,,,,,,,,0.26,kWh/m3 biogas,Water scrubbing electricity demand (value used in this study),,not reported,,,,table,high,,Electricity demand for water scrubbing; value in bold used in study
10.1016/j.rser.2024.114856,Life cycle assessment of power-to-methane and renewable methane production technologies,2023,,biogas_upgrading,,,other,,,,,,,,,,,,,,,,,,,,,,,,,,,,0.16,kWh/m3 biogas,Chemical scrubbing (amine) electricity demand (value used in this study),,not reported,,,,table,high,,Electricity demand for chemical scrubbing (amine); value used in study
10.1016/j.rser.2024.114856,Life cycle assessment of power-to-methane and renewable methane production technologies,2023,,biogas_upgrading,,,other,,,,,,,,,,,,,,,,,,,,,,,,,,,,0.27,kWh/m3 biogas,Membrane electricity demand (value used in this study),,not reported,,,,table,high,,Electricity demand for membrane; value used in study
10.1016/j.rser.2024.114856,Life cycle assessment of power-to-methane and renewable methane production technologies,2023,,biogas_upgrading,,,other,,,,,,,,,,,,,,,,,,,,,,,,,,,,1.6,MJ/m3 biogas,Chemical scrubbing (amine) heat demand (value used in this study),,not reported,,,,table,high,,Heat demand for chemical scrubbing (amine); value used in study
10.1016/j.rser.2024.114856,Life cycle assessment of power-to-methane and renewable methane production technologies,2023,,biogas_upgrading,,,other,,,,,,,,,,,,,,,,,,,,,,,,,,,,45,kg/m3 biogas,Water scrubbing water demand (value used in this study),,not reported,,,,table,high,,Water demand for water scrubbing; value used in study
10.1016/j.rser.2024.114856,Life cycle assessment of power-to-methane and renewable methane production technologies,2023,,biogas_upgrading,,,other,,,,,,,,,,,,,,,,,,,,,,,,,,,,0.55,kg/m3 biogas,Chemical scrubbing (amine) water demand (value used in this study),,not reported,,,,table,high,,Water demand for chemical scrubbing (amine); value used in study
10.1016/j.rser.2024.114856,Life cycle assessment of power-to-methane and renewable methane production technologies,2023,,biogas_upgrading,,,other,,,,,,,,,,,,,,,,,,,,,,,,,,,,0.05,kg/m3 biogas,Chemical scrubbing (amine) amine demand (value used in this study),,not reported,,,,table,high,,Amine demand for chemical scrubbing (amine); value used in study
10.1016/j.rser.2024.114856,Life cycle assessment of power-to-methane and renewable methane production technologies,2023,,none,"Manure, cheese whey, maize silage and fodder beet",,anaerobic_digestion,,,,,,,,,,,,,,,,,,,,,,,,,,,global_warming_impact,222,kg CO2 eq/MWh heat and electricity,Use of biogas and decommissioning of digester and CHP,,not reported,,,,table,high,,
10.1016/j.rser.2024.114856,Life cycle assessment of power-to-methane and renewable methane production technologies,2023,,none,Sewage sludge,,other,,,,,,,,,,,,,,,,,,,,,,,,,,,global_warming_impact,,27–33 g CO2 eq/MJ heat,"Injection of produced methane into gas network, and combustion of methane",,not reported,,,,table,high,,"Three production pathways: (1) Methanation of upgraded biogas, (2) Direct methanation of biogas, (3) Biogas upgrading without methanation"
10.1016/j.rser.2024.114856,Life cycle assessment of power-to-methane and renewable methane production technologies,2023,,none,Food waste,,anaerobic_digestion,,,,,,,,,,,,,,,,,,,,,,,,,,,global_warming_impact,,-29.2 to -238 kg CO2 eq/t waste,Use of biogas,,not reported,,,,table,high,,Comparison of anaerobic digestion and incineration
10.1016/j.rser.2024.114856,Life cycle assessment of power-to-methane and renewable methane production technologies,2023,,none,"maize, silage, animal slurry, and tomato waste",,anaerobic_digestion,,,,,,,,,,,,,,,,,,,,,,,,,,,global_warming_impact,,-395–408 kg CO2 eq/MWh electricity,decommissioning of digester and CHP,,not reported,,,,table,high,,Mono-anaerobic digestion and co-anaerobic digestion compared
10.1016/j.rser.2024.114856,Life cycle assessment of power-to-methane and renewable methane production technologies,2023,,none,Sewage sludge and green waste,,other,,,,,,,,,,,,,,,,,,,,,,,,,,,global_warming_impact,,0.09–0.18 kg CO2 eq/km travelled,Use of renewable methane in natural gas vehicle,,not reported,,,,table,high,,"Three production pathways: (1) Anaerobic digestion with biogas upgrading, (2) Anaerobic digestion with direct methanation of biogas, (3) Methanation using CO2 from biogas upgrading"
10.1016/j.rser.2024.114856,Life cycle assessment of power-to-methane and renewable methane production technologies,2023,,none,sewage sludge,,anaerobic_digestion,AED,,,,,,,,,,,,,,,,,,,,,,,,,,,,,,,not reported,,,,table,high,,"Anaerobic digestion of sewage sludge in engineered digester (AED), dewatering by centrifuge, biogas upgrading by membrane. System code: SEW-cen.ref"
10.1016/j.rser.2024.114856,Life cycle assessment of power-to-methane and renewable methane production technologies,2023,,none,pig manure,,anaerobic_digestion,CAL,,,,,,,,,,,,,,,,,,,,,,,,,,,,,,,not reported,,,,table,high,,"Anaerobic digestion of pig manure in covered anaerobic lagoon (CAL), dewatering by Geotube®, recycling of liquid as mixing water. System code: P-lagoon.ref"
10.1016/j.rser.2024.114856,Life cycle assessment of power-to-methane and renewable methane production technologies,2023,,none,pig manure,,anaerobic_digestion,AED,,,,,,,,,,,,,,,,,,,,,,,,,,,,,,,not reported,,,,table,high,,"Anaerobic digestion of pig manure in engineered digester (AED), dewatering by centrifuge, treatment of liquid in WWTP. System code: P-aed.ref"
10.1016/j.rser.2024.114856,Life cycle assessment of power-to-methane and renewable methane production technologies,2023,,none,dairy manure,,anaerobic_digestion,CAL,,,,,,,,,,,,,,,,,,,,,,,,,,,,,,,not reported,,,,table,high,,"Anaerobic digestion of dairy manure in covered anaerobic lagoon (CAL), dewatering by Geotube®, recycling of liquid as mixing water. System code: D-lagoon.ref"
10.1016/j.rser.2024.114856,Life cycle assessment of power-to-methane and renewable methane production technologies,2023,,none,dairy manure,,anaerobic_digestion,AED,,,,,,,,,,,,,,,,,,,,,,,,,,,,,,,not reported,,,,table,high,,"Anaerobic digestion of dairy manure in engineered digester (AED), dewatering by centrifuge, treatment of liquid in WWTP. System code: D-aed.ref"
10.1016/j.rser.2024.114856,Life cycle assessment of power-to-methane and renewable methane production technologies,2023,,none,landfill gas,,other,,,,,,,,,,,,,,,,,,,,,,,,,,,,,,,,not reported,,,,table,high,,Landfill gas system. System code: LF-mem.ref. Process details not reported.
10.1016/j.rser.2024.114856,Life cycle assessment of power-to-methane and renewable methane production technologies,2023,,none,food waste,,anaerobic_digestion,AED,,,,,,,,,,,,,,,,,,,,,,,,,,,,,,,not reported,,,,table,high,,"Anaerobic digestion of food waste in engineered digester (AED), treatment of liquid in WWTP. System code: FW-cen.ref"
10.1016/j.rser.2024.114856,Life cycle assessment of power-to-methane and renewable methane production technologies,2023,,none,sewage sludge,,anaerobic_digestion,,,,,,,,,,,,,,,,,,,,,,,,,,,,,,,,no,,,,table,high,,Input Feedstock: 60 kg/m3 biogas; Electricity use for digestion: 0.4 kWh/m3; Electricity use for centrifuge: 4.4 kWh/m3; TS: 6%; VS: 87.5% of TS; N:P:K: 3.76:1.38:0.4 (% of TS)
10.1016/j.rser.2024.114856,Life cycle assessment of power-to-methane and renewable methane production technologies,2023,,none,pig manure,,anaerobic_digestion,,,,,,,,,,,,,,,,,,,,,,,,,,,,,,,,no,,,,table,high,,"Input Feedstock: 44.2 kg/m3 biogas (lagoon), 38.4 kg/m3 biogas (aed); Electricity use for digestion: 0.26 kWh/m3 (aed); Electricity use for centrifuge: 2.80 kWh/m3 (aed); TS: 9.2% (lagoon); VS: 84.8% of TS (lagoon); N:P:K: 5.0:1.5:1.8 (% of TS, lagoon)"
10.1016/j.rser.2024.114856,Life cycle assessment of power-to-methane and renewable methane production technologies,2023,,none,dairy manure,,anaerobic_digestion,,,,,,,,,,,,,,,,,,,,,,,,,,,,,,,,no,,,,table,high,,"Input Feedstock: 44.2 kg/m3 biogas (lagoon), 38 kg/m3 biogas (aed); Electricity use for digestion: 0.25 kWh/m3 (aed); Electricity use for centrifuge: 2.88 kWh/m3 (aed); TS: 9.3% (lagoon); VS: 80.8% of TS (lagoon); N:P:K: 4.52:0.94:2.2 (% of TS, lagoon)"
10.1016/j.rser.2024.114856,Life cycle assessment of power-to-methane and renewable methane production technologies,2023,,none,food waste,,anaerobic_digestion,,,,,,,,,,,,,,,,,,,,,,,,,,,,,,,,no,,,,table,high,,Input Feedstock: 19.1 kg/m3 biogas; Electricity use for digestion: 0.13 kWh/m3; Electricity use for centrifuge: 1.46 kWh/m3; TS: 27%; VS: 90% of TS; N:P:K: 2.9:0.5:0.65 (% of TS)
10.1016/j.rser.2024.114856,Life cycle assessment of power-to-methane and renewable methane production technologies,2023,,none,sewage sludge,,anaerobic_digestion,digester,,,,,,,,,,,,,,,,,,,65,,,,,,,,,,,,not reported,,,,table,high,,TS 6% in digester; 1 kg biogas output per 60 kg sewage sludge input
10.1016/j.rser.2024.114856,Life cycle assessment of power-to-methane and renewable methane production technologies,2023,,none,pig manure,,anaerobic_digestion,covered lagoon,,,,,,,,,,,,,,,,,,,66,,,,,,,,,,,,not reported,,,,table,high,,TS 9.2% in covered lagoon; 1 m3 biogas output per 44.2 kg pig manure input
10.1016/j.rser.2024.114856,Life cycle assessment of power-to-methane and renewable methane production technologies,2023,,none,cattle manure,,anaerobic_digestion,covered lagoon,,,,,,,,,,,,,,,,,,,,,,,,,,,,,,,not reported,,,,table,high,,TS 9.3% in covered lagoon; 44.2 kg cattle manure input
10.1016/j.rser.2024.114856,Life cycle assessment of power-to-methane and renewable methane production technologies,2023,,none,landfill gas,,other,,,,,,,,,,,,,,,,,1,m3 renewable methane per 1.746 m3 landfill gas,,63,,,,,,,,,,,,not reported,K fertiliser,0.026,kg per 1 m3 methane,table,high,,Landfill gas contains 63% CH4; 1.746 m3 LFG input per 1 m3 renewable methane output; 0.58 kWh electricity and 0.0016 kg activated carbon required per 1 m3 methane. K fertiliser recovery likely a system credit.
10.1016/j.rser.2024.114856,Life cycle assessment of power-to-methane and renewable methane production technologies,2023,,none,landfill gas,,other,,,,,,,,,,,,,,,,,,,,63,,,,,,,electricity_input,0.58,kWh per 1 m3 methane,,,not reported,,,,table,high,,Electricity input for membrane upgrading per 1 m3 renewable methane.
10.1016/j.rser.2024.114856,Life cycle assessment of power-to-methane and renewable methane production technologies,2023,,none,landfill gas,,other,,,,,,,,,,,,,,,,,,,,63,,,,,,,activated_carbon_input,0.0016,kg per 1 m3 methane,,,not reported,,,,table,high,,Activated carbon input for membrane upgrading per 1 m3 renewable methane.
10.1016/j.rser.2024.114856,Life cycle assessment of power-to-methane and renewable methane production technologies,2023,,none,natural gas,,other,,,,,,,,,,,,,,,,,,,,,,,,,,,global_warming,0.79,kg CO2 eq/kg renewable methane,midpoint impact per kg renewable methane,,not reported,,,,table,high,,Natural gas reference; LCA midpoint impact
10.1016/j.rser.2024.114856,Life cycle assessment of power-to-methane and renewable methane production technologies,2023,,none,wind (W-pem.ref),,other,,,,,,,,,,,,,,,,,,,,,,,,,,,global_warming,0.32,kg CO2 eq/kg renewable methane,midpoint impact per kg renewable methane,,not reported,,,,table,high,,Wind (PEM) reference; LCA midpoint impact
10.1016/j.rser.2024.114856,Life cycle assessment of power-to-methane and renewable methane production technologies,2023,,none,wind (W-ae.ref),,other,,,,,,,,,,,,,,,,,,,,,,,,,,,global_warming,0.29,kg CO2 eq/kg renewable methane,midpoint impact per kg renewable methane,,not reported,,,,table,high,,Wind (AE) reference; LCA midpoint impact
10.1016/j.rser.2024.114856,Life cycle assessment of power-to-methane and renewable methane production technologies,2023,,none,solar (S-pem.ref),,other,,,,,,,,,,,,,,,,,,,,,,,,,,,global_warming,0.35,kg CO2 eq/kg renewable methane,midpoint impact per kg renewable methane,,not reported,,,,table,high,,Solar (PEM) reference; LCA midpoint impact
10.1016/j.rser.2024.114856,Life cycle assessment of power-to-methane and renewable methane production technologies,2023,,none,solar (S-ae.ref),,other,,,,,,,,,,,,,,,,,,,,,,,,,,,global_warming,0.3,kg CO2 eq/kg renewable methane,midpoint impact per kg renewable methane,,not reported,,,,table,high,,Solar (AE) reference; LCA midpoint impact
10.1016/j.rser.2024.114856,Life cycle assessment of power-to-methane and renewable methane production technologies,2023,,none,sewage (SEW-cen.ref),,other,,,,,,,,,,,,,,,,,,,,,,,,,,,global_warming,1.97,kg CO2 eq/kg renewable methane,midpoint impact per kg renewable methane,,not reported,,,,table,high,,Sewage (centralized) reference; LCA midpoint impact
10.1016/j.rser.2024.114856,Life cycle assessment of power-to-methane and renewable methane production technologies,2023,,none,pig manure (P-lagoon.ref),,other,,,,,,,,,,,,,,,,,,,,,,,,,,,global_warming,-0.42,kg CO2 eq/kg renewable methane,midpoint impact per kg renewable methane,,not reported,,,,table,high,,Pig manure (lagoon) reference; LCA midpoint impact
10.1016/j.rser.2024.114856,Life cycle assessment of power-to-methane and renewable methane production technologies,2023,,none,pig manure (P-aed.ref),,other,,,,,,,,,,,,,,,,,,,,,,,,,,,global_warming,0.9,kg CO2 eq/kg renewable methane,midpoint impact per kg renewable methane,,not reported,,,,table,high,,Pig manure (aerated) reference; LCA midpoint impact
10.1016/j.rser.2024.114856,Life cycle assessment of power-to-methane and renewable methane production technologies,2023,,none,dairy manure (D-lagoon.ref),,other,,,,,,,,,,,,,,,,,,,,,,,,,,,global_warming,-0.33,kg CO2 eq/kg renewable methane,midpoint impact per kg renewable methane,,not reported,,,,table,high,,Dairy manure (lagoon) reference; LCA midpoint impact
10.1016/j.rser.2024.114856,Life cycle assessment of power-to-methane and renewable methane production technologies,2023,,none,dairy manure (D-aed.ref),,other,,,,,,,,,,,,,,,,,,,,,,,,,,,global_warming,1.16,kg CO2 eq/kg renewable methane,midpoint impact per kg renewable methane,,not reported,,,,table,high,,Dairy manure (aerated) reference; LCA midpoint impact
10.1016/j.rser.2024.114856,Life cycle assessment of power-to-methane and renewable methane production technologies,2023,,none,landfill gas (LF-mem.ref),,other,,,,,,,,,,,,,,,,,,,,,,,,,,,global_warming,0.34,kg CO2 eq/kg renewable methane,midpoint impact per kg renewable methane,,not reported,,,,table,high,,Landfill gas (membrane) reference; LCA midpoint impact
10.1016/j.rser.2024.114856,Life cycle assessment of power-to-methane and renewable methane production technologies,2023,,none,food waste (FW-cen.ref),,other,,,,,,,,,,,,,,,,,,,,,,,,,,,global_warming,0.94,kg CO2 eq/kg renewable methane,midpoint impact per kg renewable methane,,not reported,,,,table,high,,Food waste (centralized) reference; LCA midpoint impact
10.1016/j.rser.2024.114856,Life cycle assessment of power-to-methane and renewable methane production technologies,2023,,none,renewable methane,,other,,,,,,,,,,,,,,,,,,,,,,,,,,,"Global warming, Human health",2.98e-07,DALY,"Wind, W-pem",,not reported,,,,table,high,,Per kg renewable methane
10.1016/j.rser.2024.114856,Life cycle assessment of power-to-methane and renewable methane production technologies,2023,,none,renewable methane,,other,,,,,,,,,,,,,,,,,,,,,,,,,,,Human carcinogenic toxicity,2.93e-06,DALY,"Wind, W-pem",,not reported,,,,table,high,,Per kg renewable methane
10.1016/j.rser.2024.114856,Life cycle assessment of power-to-methane and renewable methane production technologies,2023,,none,renewable methane,,other,,,,,,,,,,,,,,,,,,,,,,,,,,,Fine particulate matter formation,5.9e-06,DALY,"Wind, W-pem",,not reported,,,,table,high,,Per kg renewable methane
10.3390/fermentation10060300,Prefeasibility Analysis of Different Anaerobic Digestion Upgrading Pathways Using Organic Kitchen Food Waste as Raw Material,2024,,none,Activated sludge,,fermentation,,,,alkaline,,,,10,,,,,,,,,,,,,,,,,,,,,,,,not reported,VFAs,12.5,fold increase in recovery,table,high,Untreated activated sludge,NaOH used to adjust pH to 10
10.3390/fermentation10060300,Prefeasibility Analysis of Different Anaerobic Digestion Upgrading Pathways Using Organic Kitchen Food Waste as Raw Material,2024,,none,Primary sludge,,fermentation,,,,alkali,,,,,,,,,,,,,,,,,,,,,,,,,,,,not reported,VFAs,4,fold increase in recovery,table,high,Untreated primary sludge,"Pretreatments with NaHCO3, Na2CO3, and NaOH"
10.3390/fermentation10060300,Prefeasibility Analysis of Different Anaerobic Digestion Upgrading Pathways Using Organic Kitchen Food Waste as Raw Material,2024,,none,Activated sludge,,fermentation,,,,heat treatment,100,C,,,,,,,,,60,min,,,,,,,,,,,,,,,,not reported,VFAs,6.8,fold increase in recovery,table,high,Untreated activated sludge,Sludge pretreated at 100°C for 60 min
10.3390/fermentation10060300,Prefeasibility Analysis of Different Anaerobic Digestion Upgrading Pathways Using Organic Kitchen Food Waste as Raw Material,2024,,none,Food waste,,fermentation,,,,heat treatment,121,C,,,,,,,,,30,min,,,,,,,,,,,,,,,,not reported,VFAs,30.53,% increase in production,table,high,Untreated food waste,Heat treatment in autoclave at 121°C for 30 min
10.3390/fermentation10060300,Prefeasibility Analysis of Different Anaerobic Digestion Upgrading Pathways Using Organic Kitchen Food Waste as Raw Material,2024,,none,Food waste,,fermentation,,,,microwave,170,C,,,,,,,,,30,min,,,,,,,,,,,,,,,,not reported,VFAs,4.74,% increase in production,table,high,Untreated food waste,"Microwave pretreatment: 700 W, 170°C, 30 min"
10.3390/fermentation10060300,Prefeasibility Analysis of Different Anaerobic Digestion Upgrading Pathways Using Organic Kitchen Food Waste as Raw Material,2024,,none,Food waste,,fermentation,,,,thermal-alkaline,,,,12,,,,,,,30,min,,,,,,,,,,,,,,,,not reported,VFAs,60,% increase in production,table,high,Untreated food waste,Alkaline treatment at pH 12 for 30 min using NaOH; value is 'more than 60%'
10.3390/fermentation10060300,Prefeasibility Analysis of Different Anaerobic Digestion Upgrading Pathways Using Organic Kitchen Food Waste as Raw Material,2024,,none,Lignocellulosic waste (bagasse),,fermentation,,,,expansion/explosion of ammonia fiber,93,C,,,,,,,1.5,,15,min,,,,,,,,,,,,,,,,not reported,VFAs,21,% increase in production,table,high,Untreated bagasse,"Ammonia/raw material ratio 1.5, 93°C, 15 min"
10.3390/fermentation10060300,Prefeasibility Analysis of Different Anaerobic Digestion Upgrading Pathways Using Organic Kitchen Food Waste as Raw Material,2024,,none,Liquid effluent from palm oil production,,other,,,pilot,,,,,,,,,,,,,,,,,,,,,,,,,,,,,not reported,,,,table,high,,Distillation using pilot scale unit; predominant recovery of butyric acid followed by acetic acid
10.3390/fermentation10060300,Prefeasibility Analysis of Different Anaerobic Digestion Upgrading Pathways Using Organic Kitchen Food Waste as Raw Material,2024,,none,Sucrose solution,,other,,,,,,,,,,,,,,,,,,,,,,,,,,,,,,,,not reported,,,,table,high,,Electrodialysis with anionic and cation exchange membrane stack; predominant recovery of acetic acid followed by butyric acid
10.3390/fermentation10060300,Prefeasibility Analysis of Different Anaerobic Digestion Upgrading Pathways Using Organic Kitchen Food Waste as Raw Material,2024,,none,Sugar solution,,other,,,,,,,,,,,,,,,,,,,,,,,,,,,,,,,,not reported,,,,table,high,,Liquid-liquid extraction; predominant recovery of butyric acid followed by acetic acid
10.3390/fermentation10060300,Prefeasibility Analysis of Different Anaerobic Digestion Upgrading Pathways Using Organic Kitchen Food Waste as Raw Material,2024,,none,Sewage sludge,,other,,,,,,,,,,,,,,,,,,,,,,,,,,,,,,,,not reported,,,,table,high,,Liquid-liquid extraction with trioctilamina in n-octanol; predominant recovery of butyric acid followed by acetic acid
10.3390/fermentation10060300,Prefeasibility Analysis of Different Anaerobic Digestion Upgrading Pathways Using Organic Kitchen Food Waste as Raw Material,2024,,none,Synthetic VFAs solution,,other,,,,,,,,,,,,,,,,,,,,,,,,,,,,,,,,not reported,,,,table,high,,Membrane extraction with commercial membrane; predominant recovery of acetic acid
10.3390/fermentation10060300,Prefeasibility Analysis of Different Anaerobic Digestion Upgrading Pathways Using Organic Kitchen Food Waste as Raw Material,2024,,none,,,other,,,,,,,,,,,,,,,,,,,,,,,,,,,production_cost,1.57,USD/ton,Low-pressure steam utility cost,,not reported,,,,table,high,,Utility cost for low-pressure steam; Colombian industrial context
10.3390/fermentation10060300,Prefeasibility Analysis of Different Anaerobic Digestion Upgrading Pathways Using Organic Kitchen Food Waste as Raw Material,2024,,none,,,other,,,,,,,,,,,,,,,,,,,,,,,,,,,production_cost,0.022,USD/kWh,Electricity utility cost,,not reported,,,,table,high,,Utility cost for electricity; Colombian industrial context
10.3390/fermentation10060300,Prefeasibility Analysis of Different Anaerobic Digestion Upgrading Pathways Using Organic Kitchen Food Waste as Raw Material,2024,,none,,,other,,,,,,,,,,,,,,,,,,,,,,,,,,,production_cost,232.15,USD/month,Operator wage (non-skilled labor),,not reported,,,,table,high,,Labor cost for operators; minimum wage 2022
10.3390/fermentation10060300,Prefeasibility Analysis of Different Anaerobic Digestion Upgrading Pathways Using Organic Kitchen Food Waste as Raw Material,2024,,none,,,other,,,,,,,,,,,,,,,,,,,,,,,,,,,production_cost,464.29,USD/month,Supervisor wage (high-skilled labor),,not reported,,,,table,high,,Labor cost for supervisors; high-skilled
10.3390/fermentation10060300,Prefeasibility Analysis of Different Anaerobic Digestion Upgrading Pathways Using Organic Kitchen Food Waste as Raw Material,2024,,none,,,other,,,,,,,,,,,,,,,,,,,,,,,,,,,production_cost,0.32,USD/m3,Water reagent cost,,not reported,,,,table,high,,Chemical reagent cost for water
10.3390/fermentation10060300,Prefeasibility Analysis of Different Anaerobic Digestion Upgrading Pathways Using Organic Kitchen Food Waste as Raw Material,2024,,none,,,other,,,,,,,,,,,,,,,,,,,,,,,,,,,production_cost,1.1,USD/kg,MTBE reagent cost,,not reported,,,,table,high,,Chemical reagent cost for MTBE (used for VFA extraction)
10.3390/fermentation10060300,Prefeasibility Analysis of Different Anaerobic Digestion Upgrading Pathways Using Organic Kitchen Food Waste as Raw Material,2024,,none,,,other,,,,,,,,,,,,,,,,,,,,,,,,,,,production_cost,0.45,USD/kg,Acetic acid product price,,not reported,acetic acid,,,table,high,,Product price for acetic acid
10.3390/fermentation10060300,Prefeasibility Analysis of Different Anaerobic Digestion Upgrading Pathways Using Organic Kitchen Food Waste as Raw Material,2024,,none,,,other,,,,,,,,,,,,,,,,,,,,,,,,,,,production_cost,1.3,USD/kg,Butyric acid product price,,not reported,butyric acid,,,table,high,,Product price for butyric acid
10.3390/fermentation10060300,Prefeasibility Analysis of Different Anaerobic Digestion Upgrading Pathways Using Organic Kitchen Food Waste as Raw Material,2024,,none,,,other,,,,,,,,,,,,,,,,,,,,,,,,,,,production_cost,7.36,USD/ton,Solid digestate product price,,not reported,solid digestate,,,table,high,,Product price for solid digestate
10.3390/fermentation10060300,Prefeasibility Analysis of Different Anaerobic Digestion Upgrading Pathways Using Organic Kitchen Food Waste as Raw Material,2024,,none,,,other,,,,,,,,,,,,,,,,,,,,,,,,,,,production_cost,4.16,USD/ton,Liquid digestate product price,,not reported,liquid digestate,,,table,high,,Product price for liquid digestate
10.3390/fermentation10060300,Prefeasibility Analysis of Different Anaerobic Digestion Upgrading Pathways Using Organic Kitchen Food Waste as Raw Material,2024,,none,,,other,,,,,,,,,,,,,,,,,,,,,,,,,,,production_cost,0.79,USD/m3,Biogas product price,,not reported,biogas,,,table,high,,Product price for biogas
10.3390/fermentation10060300,Prefeasibility Analysis of Different Anaerobic Digestion Upgrading Pathways Using Organic Kitchen Food Waste as Raw Material,2024,,none,OKFW,,anaerobic_digestion,,,,,,,,,,,,,,,,,,,,,,,,,,,,,,,,not reported,,,,table,high,,"OKFW composition: 28.56% cellulose, 7.42% hemicellulose, 19.84% lignin, 30.3% extractives, 4.68% ash, 9.19% fats. All values in % of total solids."
10.3390/fermentation10060300,Prefeasibility Analysis of Different Anaerobic Digestion Upgrading Pathways Using Organic Kitchen Food Waste as Raw Material,2024,,none,Dinner shop food waste,,anaerobic_digestion,,,,,,,,,,,,,,,,,,,,,,,,,,,,,,,,not reported,,,,table,high,,"Dinner shop food waste composition: 102.6% hemicellulose (likely reporting error), 1.25% ash, 3.1% fats. Other values not reported."
10.3390/fermentation10060300,Prefeasibility Analysis of Different Anaerobic Digestion Upgrading Pathways Using Organic Kitchen Food Waste as Raw Material,2024,,none,Food waste (restaurant),,anaerobic_digestion,,,,,,,,,,,,,,,,,,,,,,,,,,,,,,,,not reported,,,,table,high,,"Food waste (restaurant) composition: 52.2% hemicellulose, 5.51% ash, 16.2% fats. Other values not reported."
10.3390/fermentation10060300,Prefeasibility Analysis of Different Anaerobic Digestion Upgrading Pathways Using Organic Kitchen Food Waste as Raw Material,2024,,none,potato peel waste,,anaerobic_digestion,,,,,45,C,thermophilic,,,,,,,,,,,,,,,,,,,,,,,,,not reported,hydrogen,,,text,high,,Temperature of 45 C reported to improve H2 production from potato peel waste.
10.3390/fermentation10060300,Prefeasibility Analysis of Different Anaerobic Digestion Upgrading Pathways Using Organic Kitchen Food Waste as Raw Material,2024,,none,palm oil mill effluent,,anaerobic_digestion,,,,,57,C,thermophilic,,,,,,,,,,,,,,,,,,,,,,,,,not reported,hydrogen,,,text,high,,Temperature of 57 C promotes maximum H2 production from palm oil mill effluent.
10.3390/fermentation10060300,Prefeasibility Analysis of Different Anaerobic Digestion Upgrading Pathways Using Organic Kitchen Food Waste as Raw Material,2024,,none,,,anaerobic_digestion,,,,,,,mesophilic,,,,,,,,,,,,,,,,,,,,,,,,,not reported,,,,text,high,,Mesophilic temperature regime defined as 25-45 C.
10.3390/fermentation10060300,Prefeasibility Analysis of Different Anaerobic Digestion Upgrading Pathways Using Organic Kitchen Food Waste as Raw Material,2024,,none,,,anaerobic_digestion,,,,,,,thermophilic,,14,days,,,,,,,,,,,,,,,,,,,,,,not reported,,,,text,high,,Thermophilic HRT reported as 14 days.
10.3390/fermentation10060300,Prefeasibility Analysis of Different Anaerobic Digestion Upgrading Pathways Using Organic Kitchen Food Waste as Raw Material,2024,,none,organic waste,,anaerobic_digestion,,,,,,,,,,,,,,,,,,,,50,,,,,,,,,,,,not reported,bio-hythane,,,text,high,,"Bio-hythane composition: 5-30% H2, 50-60% CH4; substrate is organic waste"
10.3390/fermentation10060300,Prefeasibility Analysis of Different Anaerobic Digestion Upgrading Pathways Using Organic Kitchen Food Waste as Raw Material,2024,,,activated sludge,,anaerobic_digestion,,,,alkaline (NaOH),,,,,,,,,,,,,,,,,60,,,,,,production_cost,,,alkaline pretreatment (NaOH) at 0.08 g NaOH/g TS; economic feasibility based on methane yield improvement,,not reported,,,,text,high,no pretreatment or lower NaOH dose,Economic feasibility only if methane yield increases by 60% at 0.08 g NaOH/g TS
10.3390/fermentation10060300,Prefeasibility Analysis of Different Anaerobic Digestion Upgrading Pathways Using Organic Kitchen Food Waste as Raw Material,2024,,,organic waste,,anaerobic_digestion,,,,,,,,,,,,,,,,,,,,,,,,,,,production_cost,14.96,USD/m^3 effluent,maximum allowable purification cost for VFA separation from AD effluent,,not reported,volatile fatty acids (VFAs),,,text,high,,Assumed separation of mixed VFAs into individual acids; value is maximum allowable cost
10.3390/fermentation10060300,Prefeasibility Analysis of Different Anaerobic Digestion Upgrading Pathways Using Organic Kitchen Food Waste as Raw Material,2024,,feedstock,algae,,anaerobic_digestion,,,,,,,,,,,,,,,,,,,,,,,,,,,production_cost,384,USD/ton,"break-even selling price for VFA after 10 years of plant operation, including membrane distillation integration",,not reported,volatile fatty acids (VFAs),,,text,high,,Compared to acetic acid market price (1200–1500 USD/ton); economic evaluation with Aspen Plus v8.4
10.3390/fermentation10060300,Prefeasibility Analysis of Different Anaerobic Digestion Upgrading Pathways Using Organic Kitchen Food Waste as Raw Material,2024,,none,mixed VFAs,,fermentation,,,,,,,,,,,,,,,,,,,,,,,,,,,,,,,,not reported,lipids,0.167,g/g C. albidus,text,high,,Lipid yield in C. albidus cultures using mixed VFAs as substrate
10.3390/fermentation10060300,Prefeasibility Analysis of Different Anaerobic Digestion Upgrading Pathways Using Organic Kitchen Food Waste as Raw Material,2024,,none,rice straw residues,,anaerobic_digestion,,,,,,,,,,,,,,,,,,,,,,0.43,g VFAs/g substrate,,,,,,,,,not reported,,,,text,high,,Yield of mixed VFAs from rice straw residues in AD
10.3390/fermentation10060300,Prefeasibility Analysis of Different Anaerobic Digestion Upgrading Pathways Using Organic Kitchen Food Waste as Raw Material,2024,,none,mixed VFAs from rice straw waste,,fermentation,,,,,,,,,,,,,,,,,,,,,40,,,,,,,,,,,not reported,,,,text,high,synthetic VFAs,Specific growth rate 40% higher with rice straw-derived VFAs compared to synthetic VFAs
10.3390/fermentation10060300,Prefeasibility Analysis of Different Anaerobic Digestion Upgrading Pathways Using Organic Kitchen Food Waste as Raw Material,2024,,none,OKFW (organic kitchen food waste),,anaerobic_digestion,not reported,batch,lab,"thermal (liquid hot water, LHW)",80,C,,,2,hours,,,,,,,,,,,,,,,,,,,,,,not reported,,,,text,high,Scenario 2 (OKFW_Wet_B) and Scenario 3 (OKFW_Dry_B) without thermal pretreatment,"Scenario 1 (OKFW_Pretreated_B); LHW pretreatment at 80C for 2h, 1:10 solid:liquid ratio"
10.3390/fermentation10060300,Prefeasibility Analysis of Different Anaerobic Digestion Upgrading Pathways Using Organic Kitchen Food Waste as Raw Material,2024,,none,OKFW (organic kitchen food waste),,anaerobic_digestion,not reported,batch,lab,none,,,,,,,,,,,,,,,,,,,,,,,,,,,,not reported,,,,text,high,,"Scenario 2 (OKFW_Wet_B); fresh raw material, 79% moisture"
10.3390/fermentation10060300,Prefeasibility Analysis of Different Anaerobic Digestion Upgrading Pathways Using Organic Kitchen Food Waste as Raw Material,2024,,none,OKFW (organic kitchen food waste),,anaerobic_digestion,not reported,batch,lab,,37,C,mesophilic,7,,,,,0.4,VDI_4630,26,days,,,,,,,,,,,,,,,,not reported,,,,text,high,,"Batch AD, nitrogen injection for anaerobicity, micronutrient and macronutrient solution added"
10.3390/fermentation10060300,Prefeasibility Analysis of Different Anaerobic Digestion Upgrading Pathways Using Organic Kitchen Food Waste as Raw Material,2024,,none,OKFW,,anaerobic_digestion,,,,LHW,80,C,,,,,,,10,,,,,,,,,,,,,,,,,,,not reported,,,,text,high,,"LHW pretreatment of OKFW at 80 C, 1 bar, solid:liquid ratio 10"
10.3390/fermentation10060300,Prefeasibility Analysis of Different Anaerobic Digestion Upgrading Pathways Using Organic Kitchen Food Waste as Raw Material,2024,,none,OKFW,,anaerobic_digestion,,,,,37,C,,,,,,,0.4,,,,,,,,,,,,,,,,,,,not reported,,,,text,high,"Scenario 1: conventional AD for biogas, solid and liquid fertilizers","AD at 37 C, 1 bar, inoculum:substrate VS ratio 0.4"
10.3390/fermentation10060300,Prefeasibility Analysis of Different Anaerobic Digestion Upgrading Pathways Using Organic Kitchen Food Waste as Raw Material,2024,,none,,,other,,,,,,,,,,,,,,,,,,,,,,,,,,,annual_interest_rate,17,%,financial model for Colombian facility,,not reported,,,,text,high,,Annual interest rate for TEA
10.3390/fermentation10060300,Prefeasibility Analysis of Different Anaerobic Digestion Upgrading Pathways Using Organic Kitchen Food Waste as Raw Material,2024,,none,,,other,,,,,,,,,,,,,,,,,,,,,,,,,,,income_tax,25,%,financial model for Colombian facility,,not reported,,,,text,high,,Income tax rate for TEA
10.3390/fermentation10060300,Prefeasibility Analysis of Different Anaerobic Digestion Upgrading Pathways Using Organic Kitchen Food Waste as Raw Material,2024,,none,OKFW (organic kitchen food waste),,anaerobic_digestion,,,,LHW (liquid hot water),,,,,26,days,,,,,26,days,,,,53.4,40,,,,,,,,,,,not reported,,,,text,high,OKFW_Wet_B (no pretreatment),"Biogas production for OKFW_Pretreated_B (LHW pretreatment) was 395 mL, 40% higher than control (OKFW_Wet_B, 231 mL)."
10.3390/fermentation10060300,Prefeasibility Analysis of Different Anaerobic Digestion Upgrading Pathways Using Organic Kitchen Food Waste as Raw Material,2024,,none,OKFW (organic kitchen food waste),,anaerobic_digestion,,,,LHW (liquid hot water),,,,,10,days,,,,,10,days,,,,,,31,g VFA/L,,,,,,,,,not reported,VFAs,31,g VFA/L,figure,high,OKFW_Wet_V (no pretreatment),Maximum VFA concentration for OKFW_Pretreated_V after 10 days.
10.3390/fermentation10060300,Prefeasibility Analysis of Different Anaerobic Digestion Upgrading Pathways Using Organic Kitchen Food Waste as Raw Material,2024,,none,OKFW (organic kitchen food waste),,anaerobic_digestion,,,,none,,,,,10,days,,,,,10,days,,,,,,26.53,g VFA/L,,,,,,,,,not reported,VFAs,26.53,g VFA/L,figure,high,,Maximum VFA concentration for OKFW_Wet_V after 10 days.
10.3390/fermentation10060300,Prefeasibility Analysis of Different Anaerobic Digestion Upgrading Pathways Using Organic Kitchen Food Waste as Raw Material,2024,,none,OKFW (organic kitchen food waste),,anaerobic_digestion,,,,none,,,,,10,days,,,,,10,days,,,,,,20.23,g VFA/L,,,,,,,,,not reported,VFAs,20.23,g VFA/L,figure,high,,Maximum VFA concentration for OKFW_Dry_V after 10 days.
10.3390/fermentation10060300,Prefeasibility Analysis of Different Anaerobic Digestion Upgrading Pathways Using Organic Kitchen Food Waste as Raw Material,2024,,none,food waste,,fermentation,,,,,,,,,5,days,,,,,5,days,,,,,,26.16,g/L,,,,,,,,,not reported,volatile fatty acids,26.16,g/L,text,high,,Maximum VFA concentration from food waste over 5 days; source: Liu [190]
10.3390/fermentation10060300,Prefeasibility Analysis of Different Anaerobic Digestion Upgrading Pathways Using Organic Kitchen Food Waste as Raw Material,2024,,none,OKFW,,fermentation,,,,,20,C,,,,,,,,,,,,,,,,,,,,,,,,,,not reported,,,,text,medium,,Process carried out at 20°C
10.3390/fermentation10060300,Prefeasibility Analysis of Different Anaerobic Digestion Upgrading Pathways Using Organic Kitchen Food Waste as Raw Material,2024,,none,OKFW,,fermentation,,,,,,,,,,,,,,,,,0.528,m3 biogas/kg OKFW,,,,,,,,,,,,,,not reported,,,,text,medium,,Biogas production yield for scenario 1
10.3390/fermentation10060300,Prefeasibility Analysis of Different Anaerobic Digestion Upgrading Pathways Using Organic Kitchen Food Waste as Raw Material,2024,,none,,,other,,,,,,,,,,,,,,,,,,,,,,,,,,,PMI,4.69,,Scenario 1,,not reported,,,,text,high,,Process Mass Intensity (PMI) index for scenario 1
10.3390/fermentation10060300,Prefeasibility Analysis of Different Anaerobic Digestion Upgrading Pathways Using Organic Kitchen Food Waste as Raw Material,2024,,none,,,other,,,,,,,,,,,,,,,,,,,,,,,,,,,PMI,7.41,,Scenario 3,,not reported,,,,text,high,,Process Mass Intensity (PMI) index for scenario 3
10.1016/j.biteb.2024.101984,Techno-economic feasibility study of macroalgae for anaerobic digestion,2024,,none,,,anaerobic_digestion,,semi_continuous,,,37,C,mesophilic,7.4,,,,,,,,,0.056,L CH4/kg VS added,56,,,,,,,,,,,,,not reported,,,,table,high,,Inoculum characteristics for semi-continuous AD; BMP value converted to mL CH4/g VS (0.056 L/kg VS = 56 mL/g VS).
10.1016/j.biteb.2024.101984,Techno-economic feasibility study of macroalgae for anaerobic digestion,2024,Saccharina latissima,co_substrate,Wheat,Saccharina latissima,anaerobic_digestion,,,,,,,,,,,,,,,,,0.393,L CH4/kgVS,393,,,,,,,,,,,,,not reported,,,,table,high,Mono-digestion of Wheat,Mono-digestion value
10.1016/j.biteb.2024.101984,Techno-economic feasibility study of macroalgae for anaerobic digestion,2024,Saccharina latissima,co_substrate,Wheat,Saccharina latissima,anaerobic_digestion,,,,,,,,,,,,,,,,,0.472,L CH4/kgVS,472,,21.9,,,,,,,,,,,not reported,,,,table,high,Mono-digestion of Wheat,Co-digestion with S. latissima; 21.9% improvement
10.1016/j.biteb.2024.101984,Techno-economic feasibility study of macroalgae for anaerobic digestion,2024,Saccharina latissima,co_substrate,Maize,Saccharina latissima,anaerobic_digestion,,,,,,,,,,,,,,,,,0.391,L CH4/kgVS,391,,,,,,,,,,,,,not reported,,,,table,high,Mono-digestion of Maize,Mono-digestion value
10.1016/j.biteb.2024.101984,Techno-economic feasibility study of macroalgae for anaerobic digestion,2024,Saccharina latissima,co_substrate,Maize,Saccharina latissima,anaerobic_digestion,,,,,,,,,,,,,,,,,0.397,L CH4/kgVS,397,,1.01,,,,,,,,,,,not reported,,,,table,high,Mono-digestion of Maize,Co-digestion with S. latissima; 1.01% improvement
10.1016/j.biteb.2024.101984,Techno-economic feasibility study of macroalgae for anaerobic digestion,2024,Saccharina latissima,co_substrate,Grass,Saccharina latissima,anaerobic_digestion,,,,,,,,,,,,,,,,,0.395,L CH4/kgVS,395,,0,,,,,,,,,,,not reported,,,,table,high,Mono-digestion of Grass,No difference between mono- and co-digestion
10.1016/j.biteb.2024.101984,Techno-economic feasibility study of macroalgae for anaerobic digestion,2024,Saccharina latissima,co_substrate,SBV mix,Saccharina latissima,anaerobic_digestion,,,,,,,,,,,,,,,,,0.292,L CH4/kgVS,292,,,,,,,,,,,,,not reported,,,,table,high,Mono-digestion of SBV mix,Mono-digestion value
10.1016/j.biteb.2024.101984,Techno-economic feasibility study of macroalgae for anaerobic digestion,2024,Saccharina latissima,co_substrate,SBV mix,Saccharina latissima,anaerobic_digestion,,,,,,,,,,,,,,,,,0.373,L CH4/kgVS,373,,27.7,,,,,,,,,,,not reported,,,,table,high,Mono-digestion of SBV mix,Co-digestion with S. latissima; 27.7% improvement
10.1016/j.biteb.2024.101984,Techno-economic feasibility study of macroalgae for anaerobic digestion,2024,Saccharina latissima,co_substrate,Pig Manure,Saccharina latissima,anaerobic_digestion,,,,,,,,,,,,,,,,,0.13,L CH4/kgVS,130,,,,,,,,,,,,,not reported,,,,table,high,Mono-digestion of Pig Manure,Mono-digestion value
10.1016/j.biteb.2024.101984,Techno-economic feasibility study of macroalgae for anaerobic digestion,2024,Saccharina latissima,co_substrate,Pig Manure,Saccharina latissima,anaerobic_digestion,,,,,,,,,,,,,,,,,0.172,L CH4/kgVS,172,,32.3,,,,,,,,,,,not reported,,,,table,high,Mono-digestion of Pig Manure,Co-digestion with S. latissima; 32.3% improvement
10.1016/j.biteb.2024.101984,Techno-economic feasibility study of macroalgae for anaerobic digestion,2024,Saccharina latissima,co_substrate,BSG,Saccharina latissima,anaerobic_digestion,,,,,,,,,,,,,,,,,0.421,L CH4/kgVS,421,,,,,,,,,,,,,not reported,,,,table,high,Mono-digestion of BSG,Mono-digestion value
10.1016/j.biteb.2024.101984,Techno-economic feasibility study of macroalgae for anaerobic digestion,2024,Saccharina latissima,co_substrate,BSG,Saccharina latissima,anaerobic_digestion,,,,,,,,,,,,,,,,,0.404,L CH4/kgVS,404,,-4.03,,,,,,,,,,,not reported,,,,table,high,Mono-digestion of BSG,Co-digestion with S. latissima; -4.03% decrease
10.1016/j.biteb.2024.101984,Techno-economic feasibility study of macroalgae for anaerobic digestion,2024,Saccharina latissima,feedstock,Saccharina latissima,,anaerobic_digestion,,,,,,,,,,,,,,,,,0.391,L CH4/kgVS,391,,,,,,,,,,,,,not reported,,,,table,high,,Mono-digestion of S. latissima; value from table footnote
10.1016/j.biteb.2024.101984,Techno-economic feasibility study of macroalgae for anaerobic digestion,2024,Saccharina latissima,feedstock,Saccharina latissima biomass,,anaerobic_digestion,,semi_continuous,,,,,,,,,,,,,,,0.391,L CH4/kg VS added,0.391,,,,,,,,,,,,,not reported,,,,table,high,,Feedstock characterized as S. latissima from Ventry Harbour; VS/TS ratio 70.3%; SMP value directly from table; methane yield normalized as 0.391 mL CH4/g VS (from L/kg VS).
10.1016/j.biteb.2024.101984,Techno-economic feasibility study of macroalgae for anaerobic digestion,2024,Saccharina latissima,feedstock,Saccharina latissima,Wheat,anaerobic_digestion,,,,,,,,,,,,,,,,,0.472,LCH4/kgVS,472,,21.59,,,,,,,,,,,not reported,,,,table,high,Estimated SMP (30:70 S. latissima:Wheat) = 0.388 LCH4/kgVS,"Co-digestion ratio 30% S. latissima, 70% Wheat; SMP = specific methane production"
10.1016/j.biteb.2024.101984,Techno-economic feasibility study of macroalgae for anaerobic digestion,2024,Saccharina latissima,feedstock,Saccharina latissima,Maize,anaerobic_digestion,,,,,,,,,,,,,,,,,0.397,LCH4/kgVS,397,,1.17,,,,,,,,,,,not reported,,,,table,high,Estimated SMP (30:70 S. latissima:Maize) = 0.392 LCH4/kgVS,"Co-digestion ratio 30% S. latissima, 70% Maize"
10.1016/j.biteb.2024.101984,Techno-economic feasibility study of macroalgae for anaerobic digestion,2024,Saccharina latissima,feedstock,Saccharina latissima,Grass,anaerobic_digestion,,,,,,,,,,,,,,,,,0.395,LCH4/kgVS,395,,0.3,,,,,,,,,,,not reported,,,,table,high,Estimated SMP (30:70 S. latissima:Grass) = 0.394 LCH4/kgVS,"Co-digestion ratio 30% S. latissima, 70% Grass"
10.1016/j.biteb.2024.101984,Techno-economic feasibility study of macroalgae for anaerobic digestion,2024,Saccharina latissima,feedstock,Saccharina latissima,SBV mix,anaerobic_digestion,,,,,,,,,,,,,,,,,0.373,LCH4/kgVS,373,,15.95,,,,,,,,,,,not reported,,,,table,high,Estimated SMP (30:70 S. latissima:SBV mix) = 0.322 LCH4/kgVS,"SBV mix = Sugar Beet-Vegetable mix; Co-digestion ratio 30% S. latissima, 70% SBV mix"
10.1016/j.biteb.2024.101984,Techno-economic feasibility study of macroalgae for anaerobic digestion,2024,Saccharina latissima,feedstock,Saccharina latissima,Pig Manure,anaerobic_digestion,,,,,,,,,,,,,,,,,0.172,LCH4/kgVS,172,,-17.43,,,,,,,,,,,not reported,,,,table,high,Estimated SMP (30:70 S. latissima:Pig Manure) = 0.208 LCH4/kgVS,"Co-digestion ratio 30% S. latissima, 70% Pig Manure"
10.1016/j.biteb.2024.101984,Techno-economic feasibility study of macroalgae for anaerobic digestion,2024,Saccharina latissima,feedstock,Saccharina latissima,Brewery spent grain,anaerobic_digestion,,,,,,,,,,,,,,,,,0.404,LCH4/kgVS,404,,-1.94,,,,,,,,,,,not reported,,,,table,high,Estimated SMP (30:70 S. latissima:Brewery spent grain) = 0.412 LCH4/kgVS,"Co-digestion ratio 30% S. latissima, 70% Brewery spent grain"
10.1016/j.biteb.2024.101984,Techno-economic feasibility study of macroalgae for anaerobic digestion,2024,Saccharina latissima,feedstock,macroalgae (Saccharina latissima),various organic feedstocks,anaerobic_digestion,,batch,not reported,not reported,,,not reported,,,,,,,not reported,30,days,,,,,,,,,,,,,,,,not reported,,,,table,high,,Digesting time (batch) and co-digestion with macroalgae and organic feedstocks explicitly stated.
10.1016/j.biteb.2024.101984,Techno-economic feasibility study of macroalgae for anaerobic digestion,2024,,none,,,anaerobic_digestion,,,not reported,not reported,,,not reported,,,,,,,not reported,,,,,,,,,,,,,production_cost,1.22,Euros,Green gas (upgraded biomethane) selling price; unit not specified,,not reported,,,,table,medium,,Green gas price unit not specified in table; assumed to be per m3 or kWh.
10.1016/j.biteb.2024.101984,Techno-economic feasibility study of macroalgae for anaerobic digestion,2024,,none,,,anaerobic_digestion,,,not reported,not reported,,,not reported,,,,,,,not reported,,,,,,,,,,,,,,1000000,m3/year,Biogas plant capacity,,not reported,,,,table,high,,Annual biogas production capacity.
10.1016/j.biteb.2024.101984,Techno-economic feasibility study of macroalgae for anaerobic digestion,2024,,none,,,anaerobic_digestion,,,not reported,not reported,,,not reported,,,,,,,not reported,,,,,,,,,,,,,,2520,MWh/year,CHP electricity production,,not reported,,,,table,high,,Annual electricity production from CHP.
10.1016/j.biteb.2024.101984,Techno-economic feasibility study of macroalgae for anaerobic digestion,2024,Saccharina latissima,feedstock,Maize,Saccharina latissima,anaerobic_digestion,,,,,,,,,,,,,,,,,,,,,,,,,,,ROI,2,%,"AD co-digestion with S. latissima, no gate fees, macroalgae price 0 €/tonne",,not reported,,,,table,high,No macroalgae cost (0 €/tonne),ROI for maize + S. latissima at 0 €/tonne macroalgae
10.1016/j.biteb.2024.101984,Techno-economic feasibility study of macroalgae for anaerobic digestion,2024,Saccharina latissima,feedstock,Grass,Saccharina latissima,anaerobic_digestion,,,,,,,,,,,,,,,,,,,,,,,,,,,ROI,2,%,"AD co-digestion with S. latissima, no gate fees, macroalgae price 0 €/tonne",,not reported,,,,table,high,No macroalgae cost (0 €/tonne),ROI for grass + S. latissima at 0 €/tonne macroalgae
10.1016/j.biteb.2024.101984,Techno-economic feasibility study of macroalgae for anaerobic digestion,2024,Saccharina latissima,feedstock,Wheat,Saccharina latissima,anaerobic_digestion,,,,,,,,,,,,,,,,,,,,,,,,,,,ROI,2,%,"AD co-digestion with S. latissima, no gate fees, macroalgae price 0 €/tonne",,not reported,,,,table,high,No macroalgae cost (0 €/tonne),ROI for wheat + S. latissima at 0 €/tonne macroalgae
10.1016/j.biteb.2024.101984,Techno-economic feasibility study of macroalgae for anaerobic digestion,2024,Saccharina latissima,feedstock,SBV mix,Saccharina latissima,anaerobic_digestion,,,,,,,,,,,,,,,,,,,,,,,,,,,ROI,1,%,"AD co-digestion with S. latissima, no gate fees, macroalgae price 0 €/tonne",,not reported,,,,table,high,No macroalgae cost (0 €/tonne),ROI for SBV mix + S. latissima at 0 €/tonne macroalgae
10.1016/j.biteb.2024.101984,Techno-economic feasibility study of macroalgae for anaerobic digestion,2024,Saccharina latissima,feedstock,BSG,Saccharina latissima,anaerobic_digestion,,,,,,,,,,,,,,,,,,,,,,,,,,,ROI,2,%,"AD co-digestion with S. latissima, no gate fees, macroalgae price 0 €/tonne",,not reported,,,,table,high,No macroalgae cost (0 €/tonne),ROI for BSG + S. latissima at 0 €/tonne macroalgae
10.1016/j.biteb.2024.101984,Techno-economic feasibility study of macroalgae for anaerobic digestion,2024,Saccharina latissima,feedstock,Pig Manure,Saccharina latissima,anaerobic_digestion,,,,,,,,,,,,,,,,,,,,,,,,,,,ROI,2,%,"AD co-digestion with S. latissima, no gate fees, macroalgae price 0 €/tonne",,not reported,,,,table,high,No macroalgae cost (0 €/tonne),ROI for pig manure + S. latissima at 0 €/tonne macroalgae
10.1016/j.biteb.2024.101984,Techno-economic feasibility study of macroalgae for anaerobic digestion,2024,Saccharina latissima,feedstock,Maize,Saccharina latissima,anaerobic_digestion,,,,,,,,,,,,,,,,,,,,,,,,,,,ROI,-2,%,"AD co-digestion with S. latissima, no gate fees, macroalgae price 50 €/tonne",,not reported,,,,table,high,Macroalgae price 50 €/tonne,ROI for maize + S. latissima at 50 €/tonne macroalgae
10.1016/j.biteb.2024.101984,Techno-economic feasibility study of macroalgae for anaerobic digestion,2024,Saccharina latissima,feedstock,Grass,Saccharina latissima,anaerobic_digestion,,,,,,,,,,,,,,,,,,,,,,,,,,,ROI,-2,%,"AD co-digestion with S. latissima, no gate fees, macroalgae price 50 €/tonne",,not reported,,,,table,high,Macroalgae price 50 €/tonne,ROI for grass + S. latissima at 50 €/tonne macroalgae
10.1016/j.biteb.2024.101984,Techno-economic feasibility study of macroalgae for anaerobic digestion,2024,Saccharina latissima,feedstock,SBV mix,Saccharina latissima,anaerobic_digestion,,,,,,,,,,,,,,,,,,,,,,,,,,,ROI,-5,%,"AD co-digestion with S. latissima, no gate fees, macroalgae price 50 €/tonne",,not reported,,,,table,high,Macroalgae price 50 €/tonne,ROI for SBV mix + S. latissima at 50 €/tonne macroalgae
10.1016/j.biteb.2024.101984,Techno-economic feasibility study of macroalgae for anaerobic digestion,2024,Saccharina latissima,feedstock,BSG,Saccharina latissima,anaerobic_digestion,,,,,,,,,,,,,,,,,,,,,,,,,,,ROI,-3,%,"AD co-digestion with S. latissima, no gate fees, macroalgae price 50 €/tonne",,not reported,,,,table,high,Macroalgae price 50 €/tonne,ROI for BSG + S. latissima at 50 €/tonne macroalgae
10.1016/j.biteb.2024.101984,Techno-economic feasibility study of macroalgae for anaerobic digestion,2024,Saccharina latissima,feedstock,Pig Manure,Saccharina latissima,anaerobic_digestion,,,,,,,,,,,,,,,,,,,,,,,,,,,ROI,0,%,"AD co-digestion with S. latissima, no gate fees, macroalgae price 50 €/tonne",,not reported,,,,table,high,Macroalgae price 50 €/tonne,ROI for pig manure + S. latissima at 50 €/tonne macroalgae
10.1016/j.biteb.2024.101984,Techno-economic feasibility study of macroalgae for anaerobic digestion,2024,Saccharina latissima,feedstock,Maize,Saccharina latissima,anaerobic_digestion,,,,,,,,,,,,,,,,,,,,,,,,,,,ROI,-16,%,"AD co-digestion with S. latissima, no gate fees, macroalgae price 250 €/tonne",,not reported,,,,table,high,Macroalgae price 250 €/tonne,ROI for maize + S. latissima at 250 €/tonne macroalgae
10.1016/j.biteb.2024.101984,Techno-economic feasibility study of macroalgae for anaerobic digestion,2024,Saccharina latissima,feedstock,Grass,Saccharina latissima,anaerobic_digestion,,,,,,,,,,,,,,,,,,,,,,,,,,,ROI,-14,%,"AD co-digestion with S. latissima, no gate fees, macroalgae price 250 €/tonne",,not reported,,,,table,high,Macroalgae price 250 €/tonne,ROI for grass + S. latissima at 250 €/tonne macroalgae
10.1016/j.biteb.2024.101984,Techno-economic feasibility study of macroalgae for anaerobic digestion,2024,Saccharina latissima,feedstock,Wheat,Saccharina latissima,anaerobic_digestion,,,,,,,,,,,,,,,,,,,,,,,,,,,ROI,0,%,"AD co-digestion with S. latissima, no gate fees, macroalgae price 250 €/tonne",,not reported,,,,table,high,Macroalgae price 250 €/tonne,ROI for wheat + S. latissima at 250 €/tonne macroalgae
10.1016/j.biteb.2024.101984,Techno-economic feasibility study of macroalgae for anaerobic digestion,2024,Saccharina latissima,feedstock,SBV mix,Saccharina latissima,anaerobic_digestion,,,,,,,,,,,,,,,,,,,,,,,,,,,ROI,-30,%,"AD co-digestion with S. latissima, no gate fees, macroalgae price 250 €/tonne",,not reported,,,,table,high,Macroalgae price 250 €/tonne,ROI for SBV mix + S. latissima at 250 €/tonne macroalgae
10.1016/j.biteb.2024.101984,Techno-economic feasibility study of macroalgae for anaerobic digestion,2024,Saccharina latissima,feedstock,BSG,Saccharina latissima,anaerobic_digestion,,,,,,,,,,,,,,,,,,,,,,,,,,,ROI,-22,%,"AD co-digestion with S. latissima, no gate fees, macroalgae price 250 €/tonne",,not reported,,,,table,high,Macroalgae price 250 €/tonne,ROI for BSG + S. latissima at 250 €/tonne macroalgae
10.1016/j.biteb.2024.101984,Techno-economic feasibility study of macroalgae for anaerobic digestion,2024,Saccharina latissima,feedstock,Pig Manure,Saccharina latissima,anaerobic_digestion,,,,,,,,,,,,,,,,,,,,,,,,,,,ROI,-8,%,"AD co-digestion with S. latissima, no gate fees, macroalgae price 250 €/tonne",,not reported,,,,table,high,Macroalgae price 250 €/tonne,ROI for pig manure + S. latissima at 250 €/tonne macroalgae
10.1016/j.biteb.2024.101984,Techno-economic feasibility study of macroalgae for anaerobic digestion,2024,Saccharina latissima,feedstock,Maize,Saccharina latissima,anaerobic_digestion,,,,,,,,,,,,,,,,,,,,,,,,,,,ROI,-70,%,"AD co-digestion with S. latissima, no gate fees, macroalgae price 1000 €/tonne",,not reported,,,,table,high,Macroalgae price 1000 €/tonne,ROI for maize + S. latissima at 1000 €/tonne macroalgae
10.1016/j.biteb.2024.101984,Techno-economic feasibility study of macroalgae for anaerobic digestion,2024,Saccharina latissima,feedstock,Grass,Saccharina latissima,anaerobic_digestion,,,,,,,,,,,,,,,,,,,,,,,,,,,ROI,-63,%,"AD co-digestion with S. latissima, no gate fees, macroalgae price 1000 €/tonne",,not reported,,,,table,high,Macroalgae price 1000 €/tonne,ROI for grass + S. latissima at 1000 €/tonne macroalgae
10.1016/j.biteb.2024.101984,Techno-economic feasibility study of macroalgae for anaerobic digestion,2024,Saccharina latissima,feedstock,Wheat,Saccharina latissima,anaerobic_digestion,,,,,,,,,,,,,,,,,,,,,,,,,,,ROI,-8,%,"AD co-digestion with S. latissima, no gate fees, macroalgae price 1000 €/tonne",,not reported,,,,table,high,Macroalgae price 1000 €/tonne,ROI for wheat + S. latissima at 1000 €/tonne macroalgae
10.1016/j.biteb.2024.101984,Techno-economic feasibility study of macroalgae for anaerobic digestion,2024,Saccharina latissima,feedstock,SBV mix,Saccharina latissima,anaerobic_digestion,,,,,,,,,,,,,,,,,,,,,,,,,,,ROI,-125,%,"AD co-digestion with S. latissima, no gate fees, macroalgae price 1000 €/tonne",,not reported,,,,table,high,Macroalgae price 1000 €/tonne,ROI for SBV mix + S. latissima at 1000 €/tonne macroalgae
10.1016/j.biteb.2024.101984,Techno-economic feasibility study of macroalgae for anaerobic digestion,2024,Saccharina latissima,feedstock,BSG,Saccharina latissima,anaerobic_digestion,,,,,,,,,,,,,,,,,,,,,,,,,,,ROI,-96,%,"AD co-digestion with S. latissima, no gate fees, macroalgae price 1000 €/tonne",,not reported,,,,table,high,Macroalgae price 1000 €/tonne,ROI for BSG + S. latissima at 1000 €/tonne macroalgae
10.1016/j.biteb.2024.101984,Techno-economic feasibility study of macroalgae for anaerobic digestion,2024,Saccharina latissima,feedstock,Pig Manure,Saccharina latissima,anaerobic_digestion,,,,,,,,,,,,,,,,,,,,,,,,,,,ROI,-39,%,"AD co-digestion with S. latissima, no gate fees, macroalgae price 1000 €/tonne",,not reported,,,,table,high,Macroalgae price 1000 €/tonne,ROI for pig manure + S. latissima at 1000 €/tonne macroalgae
10.1016/j.biteb.2024.101984,Techno-economic feasibility study of macroalgae for anaerobic digestion,2024,,feedstock,Maize,macroalgae,anaerobic_digestion,,,,,,,,,,,,,,,,,,,,,,,,,,,ROI,64,%,"AD co-digestion with macroalgae at 0 €/tonne, gate fees 29 €/tonne",,not reported,,,,table,high,Maize AD with macroalgae at 0 €/tonne,ROI for Maize + macroalgae at lowest macroalgae price
10.1016/j.biteb.2024.101984,Techno-economic feasibility study of macroalgae for anaerobic digestion,2024,,feedstock,Maize,macroalgae,anaerobic_digestion,,,,,,,,,,,,,,,,,,,,,,,,,,,ROI,61,%,"AD co-digestion with macroalgae at 50 €/tonne, gate fees 29 €/tonne",,not reported,,,,table,high,Maize AD with macroalgae at 50 €/tonne,ROI for Maize + macroalgae at 50 €/tonne
10.1016/j.biteb.2024.101984,Techno-economic feasibility study of macroalgae for anaerobic digestion,2024,,feedstock,Maize,macroalgae,anaerobic_digestion,,,,,,,,,,,,,,,,,,,,,,,,,,,ROI,46,%,"AD co-digestion with macroalgae at 250 €/tonne, gate fees 29 €/tonne",,not reported,,,,table,high,Maize AD with macroalgae at 250 €/tonne,ROI for Maize + macroalgae at 250 €/tonne
10.1016/j.biteb.2024.101984,Techno-economic feasibility study of macroalgae for anaerobic digestion,2024,,feedstock,Maize,macroalgae,anaerobic_digestion,,,,,,,,,,,,,,,,,,,,,,,,,,,ROI,-8,%,"AD co-digestion with macroalgae at 1000 €/tonne, gate fees 29 €/tonne",,not reported,,,,table,high,Maize AD with macroalgae at 1000 €/tonne,ROI for Maize + macroalgae at 1000 €/tonne
10.1016/j.biteb.2024.101984,Techno-economic feasibility study of macroalgae for anaerobic digestion,2024,,feedstock,Grass,macroalgae,anaerobic_digestion,,,,,,,,,,,,,,,,,,,,,,,,,,,ROI,58,%,"AD co-digestion with macroalgae at 0 €/tonne, gate fees 29 €/tonne",,not reported,,,,table,high,Grass AD with macroalgae at 0 €/tonne,ROI for Grass + macroalgae at lowest macroalgae price
10.1016/j.biteb.2024.101984,Techno-economic feasibility study of macroalgae for anaerobic digestion,2024,,feedstock,Grass,macroalgae,anaerobic_digestion,,,,,,,,,,,,,,,,,,,,,,,,,,,ROI,55,%,"AD co-digestion with macroalgae at 50 €/tonne, gate fees 29 €/tonne",,not reported,,,,table,high,Grass AD with macroalgae at 50 €/tonne,ROI for Grass + macroalgae at 50 €/tonne
10.1016/j.biteb.2024.101984,Techno-economic feasibility study of macroalgae for anaerobic digestion,2024,,feedstock,Grass,macroalgae,anaerobic_digestion,,,,,,,,,,,,,,,,,,,,,,,,,,,ROI,42,%,"AD co-digestion with macroalgae at 250 €/tonne, gate fees 29 €/tonne",,not reported,,,,table,high,Grass AD with macroalgae at 250 €/tonne,ROI for Grass + macroalgae at 250 €/tonne
10.1016/j.biteb.2024.101984,Techno-economic feasibility study of macroalgae for anaerobic digestion,2024,,feedstock,Grass,macroalgae,anaerobic_digestion,,,,,,,,,,,,,,,,,,,,,,,,,,,ROI,-7,%,"AD co-digestion with macroalgae at 1000 €/tonne, gate fees 29 €/tonne",,not reported,,,,table,high,Grass AD with macroalgae at 1000 €/tonne,ROI for Grass + macroalgae at 1000 €/tonne
10.1016/j.biteb.2024.101984,Techno-economic feasibility study of macroalgae for anaerobic digestion,2024,,feedstock,Wheat,macroalgae,anaerobic_digestion,,,,,,,,,,,,,,,,,,,,,,,,,,,ROI,11,%,"AD co-digestion with macroalgae at 0 €/tonne, gate fees 29 €/tonne",,not reported,,,,table,high,Wheat AD with macroalgae at 0 €/tonne,ROI for Wheat + macroalgae at lowest macroalgae price
10.1016/j.biteb.2024.101984,Techno-economic feasibility study of macroalgae for anaerobic digestion,2024,,feedstock,Wheat,macroalgae,anaerobic_digestion,,,,,,,,,,,,,,,,,,,,,,,,,,,ROI,9,%,"AD co-digestion with macroalgae at 250 €/tonne, gate fees 29 €/tonne",,not reported,,,,table,high,Wheat AD with macroalgae at 250 €/tonne,ROI for Wheat + macroalgae at 250 €/tonne
10.1016/j.biteb.2024.101984,Techno-economic feasibility study of macroalgae for anaerobic digestion,2024,,feedstock,Wheat,macroalgae,anaerobic_digestion,,,,,,,,,,,,,,,,,,,,,,,,,,,ROI,1,%,"AD co-digestion with macroalgae at 1000 €/tonne, gate fees 29 €/tonne",,not reported,,,,table,high,Wheat AD with macroalgae at 1000 €/tonne,ROI for Wheat + macroalgae at 1000 €/tonne
10.1016/j.biteb.2024.101984,Techno-economic feasibility study of macroalgae for anaerobic digestion,2024,,feedstock,SBV mix,macroalgae,anaerobic_digestion,,,,,,,,,,,,,,,,,,,,,,,,,,,ROI,111,%,"AD co-digestion with macroalgae at 0 €/tonne, gate fees 29 €/tonne",,not reported,,,,table,high,SBV mix AD with macroalgae at 0 €/tonne,ROI for SBV mix + macroalgae at lowest macroalgae price
10.1016/j.biteb.2024.101984,Techno-economic feasibility study of macroalgae for anaerobic digestion,2024,,feedstock,SBV mix,macroalgae,anaerobic_digestion,,,,,,,,,,,,,,,,,,,,,,,,,,,ROI,105,%,"AD co-digestion with macroalgae at 50 €/tonne, gate fees 29 €/tonne",,not reported,,,,table,high,SBV mix AD with macroalgae at 50 €/tonne,ROI for SBV mix + macroalgae at 50 €/tonne
10.1016/j.biteb.2024.101984,Techno-economic feasibility study of macroalgae for anaerobic digestion,2024,,feedstock,SBV mix,macroalgae,anaerobic_digestion,,,,,,,,,,,,,,,,,,,,,,,,,,,ROI,80,%,"AD co-digestion with macroalgae at 250 €/tonne, gate fees 29 €/tonne",,not reported,,,,table,high,SBV mix AD with macroalgae at 250 €/tonne,ROI for SBV mix + macroalgae at 250 €/tonne
10.1016/j.biteb.2024.101984,Techno-economic feasibility study of macroalgae for anaerobic digestion,2024,,feedstock,SBV mix,macroalgae,anaerobic_digestion,,,,,,,,,,,,,,,,,,,,,,,,,,,ROI,-15,%,"AD co-digestion with macroalgae at 1000 €/tonne, gate fees 29 €/tonne",,not reported,,,,table,high,SBV mix AD with macroalgae at 1000 €/tonne,ROI for SBV mix + macroalgae at 1000 €/tonne
10.1016/j.biteb.2024.101984,Techno-economic feasibility study of macroalgae for anaerobic digestion,2024,,feedstock,BSG,macroalgae,anaerobic_digestion,,,,,,,,,,,,,,,,,,,,,,,,,,,ROI,88,%,"AD co-digestion with macroalgae at 0 €/tonne, gate fees 29 €/tonne",,not reported,,,,table,high,BSG AD with macroalgae at 0 €/tonne,ROI for BSG + macroalgae at lowest macroalgae price
10.1016/j.biteb.2024.101984,Techno-economic feasibility study of macroalgae for anaerobic digestion,2024,,feedstock,BSG,macroalgae,anaerobic_digestion,,,,,,,,,,,,,,,,,,,,,,,,,,,ROI,83,%,"AD co-digestion with macroalgae at 50 €/tonne, gate fees 29 €/tonne",,not reported,,,,table,high,BSG AD with macroalgae at 50 €/tonne,ROI for BSG + macroalgae at 50 €/tonne
10.1016/j.biteb.2024.101984,Techno-economic feasibility study of macroalgae for anaerobic digestion,2024,,feedstock,BSG,macroalgae,anaerobic_digestion,,,,,,,,,,,,,,,,,,,,,,,,,,,ROI,63,%,"AD co-digestion with macroalgae at 250 €/tonne, gate fees 29 €/tonne",,not reported,,,,table,high,BSG AD with macroalgae at 250 €/tonne,ROI for BSG + macroalgae at 250 €/tonne
10.1016/j.biteb.2024.101984,Techno-economic feasibility study of macroalgae for anaerobic digestion,2024,,feedstock,BSG,macroalgae,anaerobic_digestion,,,,,,,,,,,,,,,,,,,,,,,,,,,ROI,-10,%,"AD co-digestion with macroalgae at 1000 €/tonne, gate fees 29 €/tonne",,not reported,,,,table,high,BSG AD with macroalgae at 1000 €/tonne,ROI for BSG + macroalgae at 1000 €/tonne
10.1016/j.biteb.2024.101984,Techno-economic feasibility study of macroalgae for anaerobic digestion,2024,,feedstock,Pig Manure,macroalgae,anaerobic_digestion,,,,,,,,,,,,,,,,,,,,,,,,,,,ROI,38,%,"AD co-digestion with macroalgae at 0 €/tonne, gate fees 29 €/tonne",,not reported,,,,table,high,Pig Manure AD with macroalgae at 0 €/tonne,ROI for Pig Manure + macroalgae at lowest macroalgae price
10.1016/j.biteb.2024.101984,Techno-economic feasibility study of macroalgae for anaerobic digestion,2024,,feedstock,Pig Manure,macroalgae,anaerobic_digestion,,,,,,,,,,,,,,,,,,,,,,,,,,,ROI,35,%,"AD co-digestion with macroalgae at 50 €/tonne, gate fees 29 €/tonne",,not reported,,,,table,high,Pig Manure AD with macroalgae at 50 €/tonne,ROI for Pig Manure + macroalgae at 50 €/tonne
10.1016/j.biteb.2024.101984,Techno-economic feasibility study of macroalgae for anaerobic digestion,2024,,feedstock,Pig Manure,macroalgae,anaerobic_digestion,,,,,,,,,,,,,,,,,,,,,,,,,,,ROI,27,%,"AD co-digestion with macroalgae at 250 €/tonne, gate fees 29 €/tonne",,not reported,,,,table,high,Pig Manure AD with macroalgae at 250 €/tonne,ROI for Pig Manure + macroalgae at 250 €/tonne
10.1016/j.biteb.2024.101984,Techno-economic feasibility study of macroalgae for anaerobic digestion,2024,,feedstock,Pig Manure,macroalgae,anaerobic_digestion,,,,,,,,,,,,,,,,,,,,,,,,,,,ROI,-3,%,"AD co-digestion with macroalgae at 1000 €/tonne, gate fees 29 €/tonne",,not reported,,,,table,high,Pig Manure AD with macroalgae at 1000 €/tonne,ROI for Pig Manure + macroalgae at 1000 €/tonne
10.1016/j.biteb.2024.101984,Techno-economic feasibility study of macroalgae for anaerobic digestion,2024,,co_substrate,Maize,macroalgae biomass,anaerobic_digestion,,,,,,,,,,,,,,,,,,,,,,,,,,,payback_time,0.9,years,"AD plant with co-digestion of macroalgae and maize, gate fees at 29 €/tonne",,not reported,,,,table,high,macroalgae price 0 €/tonne,"Payback time for maize as main substrate, macroalgae as co-substrate, at lowest macroalgae price"
10.1016/j.biteb.2024.101984,Techno-economic feasibility study of macroalgae for anaerobic digestion,2024,,co_substrate,Grass,macroalgae biomass,anaerobic_digestion,,,,,,,,,,,,,,,,,,,,,,,,,,,payback_time,1,years,"AD plant with co-digestion of macroalgae and grass, gate fees at 29 €/tonne",,not reported,,,,table,high,macroalgae price 0 €/tonne,"Payback time for grass as main substrate, macroalgae as co-substrate, at lowest macroalgae price"
10.1016/j.biteb.2024.101984,Techno-economic feasibility study of macroalgae for anaerobic digestion,2024,,co_substrate,Wheat,macroalgae biomass,anaerobic_digestion,,,,,,,,,,,,,,,,,,,,,,,,,,,payback_time,1.7,years,"AD plant with co-digestion of macroalgae and wheat, gate fees at 29 €/tonne",,not reported,,,,table,high,macroalgae price 0 €/tonne,"Payback time for wheat as main substrate, macroalgae as co-substrate, at lowest macroalgae price"
10.1016/j.biteb.2024.101984,Techno-economic feasibility study of macroalgae for anaerobic digestion,2024,,co_substrate,SBV mix,macroalgae biomass,anaerobic_digestion,,,,,,,,,,,,,,,,,,,,,,,,,,,payback_time,0.6,years,"AD plant with co-digestion of macroalgae and SBV mix, gate fees at 29 €/tonne",,not reported,,,,table,high,macroalgae price 0 €/tonne,"Payback time for SBV mix as main substrate, macroalgae as co-substrate, at lowest macroalgae price"
10.1016/j.biteb.2024.101984,Techno-economic feasibility study of macroalgae for anaerobic digestion,2024,,co_substrate,BSG,macroalgae biomass,anaerobic_digestion,,,,,,,,,,,,,,,,,,,,,,,,,,,payback_time,0.7,years,"AD plant with co-digestion of macroalgae and BSG, gate fees at 29 €/tonne",,not reported,,,,table,high,macroalgae price 0 €/tonne,"Payback time for BSG as main substrate, macroalgae as co-substrate, at lowest macroalgae price"
10.1016/j.biteb.2024.101984,Techno-economic feasibility study of macroalgae for anaerobic digestion,2024,,co_substrate,Pig Manure,macroalgae biomass,anaerobic_digestion,,,,,,,,,,,,,,,,,,,,,,,,,,,payback_time,1.2,years,"AD plant with co-digestion of macroalgae and pig manure, gate fees at 29 €/tonne",,not reported,,,,table,high,macroalgae price 0 €/tonne,"Payback time for pig manure as main substrate, macroalgae as co-substrate, at lowest macroalgae price"
10.1016/j.biteb.2024.101984,Techno-economic feasibility study of macroalgae for anaerobic digestion,2024,,co_substrate,Maize,macroalgae biomass,anaerobic_digestion,,,,,,,,,,,,,,,,,,,,,,,,,,,payback_time,2.6,years,"AD plant with co-digestion of macroalgae and maize, gate fees at 29 €/tonne",,not reported,,,,table,high,macroalgae price 1000 €/tonne,"Payback time for maize as main substrate, macroalgae as co-substrate, at highest macroalgae price"
10.1016/j.biteb.2024.101984,Techno-economic feasibility study of macroalgae for anaerobic digestion,2024,,co_substrate,Grass,macroalgae biomass,anaerobic_digestion,,,,,,,,,,,,,,,,,,,,,,,,,,,payback_time,2.5,years,"AD plant with co-digestion of macroalgae and grass, gate fees at 29 €/tonne",,not reported,,,,table,high,macroalgae price 1000 €/tonne,"Payback time for grass as main substrate, macroalgae as co-substrate, at highest macroalgae price"
10.1016/j.biteb.2024.101984,Techno-economic feasibility study of macroalgae for anaerobic digestion,2024,,co_substrate,Wheat,macroalgae biomass,anaerobic_digestion,,,,,,,,,,,,,,,,,,,,,,,,,,,payback_time,2.1,years,"AD plant with co-digestion of macroalgae and wheat, gate fees at 29 €/tonne",,not reported,,,,table,high,macroalgae price 1000 €/tonne,"Payback time for wheat as main substrate, macroalgae as co-substrate, at highest macroalgae price"
10.1016/j.biteb.2024.101984,Techno-economic feasibility study of macroalgae for anaerobic digestion,2024,,co_substrate,SBV mix,macroalgae biomass,anaerobic_digestion,,,,,,,,,,,,,,,,,,,,,,,,,,,payback_time,3.2,years,"AD plant with co-digestion of macroalgae and SBV mix, gate fees at 29 €/tonne",,not reported,,,,table,high,macroalgae price 1000 €/tonne,"Payback time for SBV mix as main substrate, macroalgae as co-substrate, at highest macroalgae price"
10.1016/j.biteb.2024.101984,Techno-economic feasibility study of macroalgae for anaerobic digestion,2024,,co_substrate,BSG,macroalgae biomass,anaerobic_digestion,,,,,,,,,,,,,,,,,,,,,,,,,,,payback_time,2.8,years,"AD plant with co-digestion of macroalgae and BSG, gate fees at 29 €/tonne",,not reported,,,,table,high,macroalgae price 1000 €/tonne,"Payback time for BSG as main substrate, macroalgae as co-substrate, at highest macroalgae price"
10.1016/j.biteb.2024.101984,Techno-economic feasibility study of macroalgae for anaerobic digestion,2024,,co_substrate,Pig Manure,macroalgae biomass,anaerobic_digestion,,,,,,,,,,,,,,,,,,,,,,,,,,,payback_time,2.3,years,"AD plant with co-digestion of macroalgae and pig manure, gate fees at 29 €/tonne",,not reported,,,,table,high,macroalgae price 1000 €/tonne,"Payback time for pig manure as main substrate, macroalgae as co-substrate, at highest macroalgae price"
10.1016/j.biteb.2024.101984,Techno-economic feasibility study of macroalgae for anaerobic digestion,2024,Saccharina latissima,feedstock,Saccharina latissima biomass,,anaerobic_digestion,,,,,,,,,,,,,,,,,,,,,,,,,,,production_cost,50,Euros/tonne,macroalgae biomass price for economic viability in co-digestion scenario,,not reported,,,,abstract,high,AD of S. latissima as single feedstock (not economically viable),Techno-economic analysis; economic viability achieved only in co-digestion scenario with gate fee
10.1016/j.biteb.2024.101984,Techno-economic feasibility study of macroalgae for anaerobic digestion,2024,Saccharina latissima,feedstock,S. Latissima biomass,,anaerobic_digestion,,,,,,,,,,,,,,,,,422,mL CH4/g VS,422,50,,,,,,,,,,,,not reported,,,,text,high,,"Theoretical methane yield and methane content for S. Latissima reported from Allen et al., 2015."
10.1016/j.biteb.2024.101984,Techno-economic feasibility study of macroalgae for anaerobic digestion,2024,Saccharina latissima,feedstock,Saccharina latissima biomass,,anaerobic_digestion,batch,batch,lab,,35,C,mesophilic,,,,,,,,,,223,mL CH4/g VS,223,,,,,,,,,,,,,not reported,,,,text,high,,"Collected in Norway; reference: Vivekanand et al., 2012"
10.1016/j.biteb.2024.101984,Techno-economic feasibility study of macroalgae for anaerobic digestion,2024,Palmaria palmata,feedstock,Palmaria palmata biomass,,anaerobic_digestion,batch,batch,lab,,35,C,mesophilic,,,,,,,,,,257,mL CH4/g VS,257,,,,,,,,,,,,,not reported,,,,text,high,S. latissima batch test,"Collected in Brittany, France; reference: Jard et al., 2012"
10.1016/j.biteb.2024.101984,Techno-economic feasibility study of macroalgae for anaerobic digestion,2024,Saccharina latissima,feedstock,Saccharina latissima biomass,,anaerobic_digestion,batch,batch,lab,,35,C,mesophilic,,,,,,,,,,209,mL CH4/g VS,209,,,,,,,,,,,,,not reported,,,,text,high,,"Collected in Brittany, France; reference: Jard et al., 2012"
10.1016/j.biteb.2024.101984,Techno-economic feasibility study of macroalgae for anaerobic digestion,2024,Saccharina latissima,feedstock,Saccharina latissima biomass,,anaerobic_digestion,batch,batch,lab,,35,C,mesophilic,,,,,,,,,,335,mL CH4/g VS,335,,,,,,,,,,,,,not reported,,,,text,high,,"Collected in Sligo, Ireland; reference: Vanegas and Bartlett, 2013"
10.1016/j.biteb.2024.101984,Techno-economic feasibility study of macroalgae for anaerobic digestion,2024,Saccorhiza polyschides,feedstock,Saccorhiza polyschides biomass,,anaerobic_digestion,batch,batch,lab,,35,C,mesophilic,,,,,,,,,,255,mL CH4/g VS,255,,,,,,,,,,,,,not reported,,,,text,high,,"Collected in Sligo, Ireland; reference: Vanegas and Bartlett, 2013"
10.1016/j.biteb.2024.101984,Techno-economic feasibility study of macroalgae for anaerobic digestion,2024,Saccharina latissima,feedstock,Saccharina latissima biomass,,anaerobic_digestion,batch,batch,lab,,35,C,mesophilic,,,,,,,,,,341,mL CH4/g VS,341,,,,,,,,,,,,,not reported,,,,text,high,,"Collected in Cork, Ireland; reference: Allen et al., 2015"
10.1016/j.biteb.2024.101984,Techno-economic feasibility study of macroalgae for anaerobic digestion,2024,Laminaria digitata,feedstock,Laminaria digitata biomass,,anaerobic_digestion,batch,batch,lab,,,,,,,,,,,,36,days,,,,,,,,,,,,,,,,not reported,,,,text,high,,"Harvested from three beaches in UK; reference: Adams et al., 2011"
10.1016/j.biteb.2024.101984,Techno-economic feasibility study of macroalgae for anaerobic digestion,2024,,feedstock,brown algae biomass,,anaerobic_digestion,,,not reported,,,,,,15,days,,,,,,,,,,,,,,,,,IRR,,,"AD plant using 8 t/d brown algae (dry), 237 kWE net electricity, 367 kW heat, no incentives",,not reported,,,,text,high,,Algal conversion rate reported as 64% within 15 days; macroalgae cost 50 €/t; co-digestion with other wastes suggested.
10.1016/j.biteb.2024.101984,Techno-economic feasibility study of macroalgae for anaerobic digestion,2024,Saccharina latissima,feedstock,S. latissima biomass,,fermentation,,,industrial,,,,,,,,,,,,,,,,,,,,,,,,production_cost,2.28,$/gal,Ethanol production from S. latissima at 2000 Mt/d dry biomass input,,not reported,ethanol,,,text,high,,Maximum allowable seaweed price $28/Mt (approx. €25.36/Mt) for ethanol at $2.28/gal; production cost range $21–112/Mt depending on species/cultivation.
10.1016/j.biteb.2024.101984,Techno-economic feasibility study of macroalgae for anaerobic digestion,2024,Saccharina latissima,feedstock,macroalgae biomass,,anaerobic_digestion,,,,,-20,C,,,,,,,,,,,,,,,,,,,,,,,,,,not reported,,,,text,high,,Macroalgae stored at -20 C prior to use; pretreatment details not specified in this chunk.
10.1016/j.biteb.2024.101984,Techno-economic feasibility study of macroalgae for anaerobic digestion,2024,,none,agricultural waste residues,,anaerobic_digestion,,,,,-20,C,,,,,,,,,,,,,,,,,,,,,,,,,,not reported,,,,text,high,,"Agricultural waste residues (corn silage, wheat residues, grass silage, sugar beet-vegetable mix) stored at -20 C prior to use."
10.1016/j.biteb.2024.101984,Techno-economic feasibility study of macroalgae for anaerobic digestion,2024,,none,brewery spent grain,,anaerobic_digestion,,,,,-20,C,,,,,,,,,,,,,,,,,,,,,,,,,,not reported,,,,text,high,,Brewery spent grain stored at -20 C prior to use.
10.1016/j.biteb.2024.101984,Techno-economic feasibility study of macroalgae for anaerobic digestion,2024,,none,pig manure,,anaerobic_digestion,,,,ground to fine powder,,,,,,,,,,,,,,,,,,,,,,,,,,,,not reported,,,,text,high,,"Pig manure was pelletised, ground to fine powder, not soaked prior to BMP tests."
10.1016/j.biteb.2024.101984,Techno-economic feasibility study of macroalgae for anaerobic digestion,2024,,none,inoculum,,anaerobic_digestion,,,,"sieved (5 mm), degassed for 2 days at 37 C",37,C,mesophilic,,,,,,,,2,days,,,,,,,,,,,,,,,,not reported,,,,text,high,,"Inoculum for BMP tests: sieved (5 mm), degassed for 2 days at 37 C."
10.1016/j.biteb.2024.101984,Techno-economic feasibility study of macroalgae for anaerobic digestion,2024,Saccharina latissima,feedstock,Saccharina latissima biomass,,anaerobic_digestion,batch,batch,lab,none,37,C,mesophilic,,,,,,,own_protocol,,,0.391,L CH4/kg VS,391,,,,,,,,,,,,,no,,,,text,high,,Methane yield unit converted from L CH4/kg VS to mL CH4/g VS
10.1016/j.biteb.2024.101984,Techno-economic feasibility study of macroalgae for anaerobic digestion,2024,Saccharina latissima,feedstock,Saccharina latissima biomass,,anaerobic_digestion,CSTR,semi_continuous,lab,none,,,,,,,,,,,,,,,,,,,,,,,,,,,,no,,,,text,high,,Semi-continuous CSTR experiment; no yield data stated in this chunk
10.1016/j.biteb.2024.101984,Techno-economic feasibility study of macroalgae for anaerobic digestion,2024,Saccharina latissima,feedstock,Saccharina latissima biomass,agricultural waste residues,anaerobic_digestion,,,,,,,,,,,,,,,,,,,,,,,,,,,,,,,,not reported,,,,text,medium,,"Co-digestion with agricultural waste residues (corn silage, wheat residues, grass silage, SBV mix); no yield data stated in this chunk"
10.1016/j.biteb.2024.101984,Techno-economic feasibility study of macroalgae for anaerobic digestion,2024,Saccharina latissima,co_culture,wheat,Saccharina latissima,anaerobic_digestion,,,,,,,,,,,,,,,,,,,,,21.59,,,,,,,,,,,not reported,,,,table,high,wheat mono-digestion,Methane yield improvement is based on estimated yields from Table 4.
10.1016/j.biteb.2024.101984,Techno-economic feasibility study of macroalgae for anaerobic digestion,2024,Saccharina latissima,feedstock,dairy cow manure,Saccharina latissima,anaerobic_digestion,,,not reported,,,,,,30,days,,,,,,,,,,52,,,,,,,,,,,,not reported,,,,text,medium,dairy cow manure mono-digestion,"Model assumes 52% CH4 in biogas, 30 day HRT, and 50:50 ratio of manure:co-material."
10.1016/j.biteb.2024.101984,Techno-economic feasibility study of macroalgae for anaerobic digestion,2024,Saccharina latissima,feedstock,S. latissima biomass,,anaerobic_digestion,,,,,,,,,30,days,,,,,30,days,,,,,,,,,,,ROI,,%,"Starts at AD plant; includes transport of wet biomass from seaweed cultivation/processing and organic wastes from farms to AD unit; products: methane for CHP, digestate as fertiliser",,not reported,,,,text,high,,Mono-digestion of S. latissima; HRT and duration assumed equivalent; TEA system boundary described
10.1016/j.biteb.2024.101984,Techno-economic feasibility study of macroalgae for anaerobic digestion,2024,Saccharina latissima,feedstock,macroalgae biomass,,anaerobic_digestion,,,,,,,,,,,,,,,,,,,,,,,,,,,ROI,2,%,"mono-digestion of S. latissima, feedstock cost = 0 €/t, includes depreciation and debt rent",,not reported,,,,text,high,mono-digestion with macroalgae feedstock cost >0 €/t,Positive ROI only when macroalgae is free; payback time <1 year
10.1016/j.biteb.2024.101984,Techno-economic feasibility study of macroalgae for anaerobic digestion,2024,Saccharina latissima,feedstock,macroalgae biomass,,anaerobic_digestion,,,,,,,,,,,,,,,,,,,,,,,,,,,payback_period,1,year,"mono-digestion of S. latissima, feedstock cost = 0 €/t",,not reported,,,,text,high,mono-digestion with macroalgae feedstock cost >0 €/t,Payback time <1 year only when macroalgae is free
10.1016/j.biteb.2024.101984,Techno-economic feasibility study of macroalgae for anaerobic digestion,2024,Laminaria digitata,feedstock,macroalgae biomass,,anaerobic_digestion,,,,,,,,,,,,,,,17,years,,,,,,,,,,,IRR,8,%,"North Atlantic species, mono-digestion, literature scenario",,not reported,,,,text,medium,,IRR >8% required for profit; payback period 17 years
10.1016/j.biteb.2024.101984,Techno-economic feasibility study of macroalgae for anaerobic digestion,2024,macroalgae,co_culture,wheat residues,macroalgae biomass,anaerobic_digestion,,,,,,,,,,,,,,,,,,,,,,,,,,,payback_time,1.7,years,"Co-digestion with wheat residues and macroalgae biomass, macroalgae price 0 €/t",,not reported,,,,text,high,macroalgae biomass price 0 €/t,Least variability in payback time for wheat residue co-digestion
10.1016/j.biteb.2024.101984,Techno-economic feasibility study of macroalgae for anaerobic digestion,2024,macroalgae,co_culture,wheat residues,macroalgae biomass,anaerobic_digestion,,,,,,,,,,,,,,,,,,,,,,,,,,,payback_time,2.1,years,"Co-digestion with wheat residues and macroalgae biomass, macroalgae price up to 1000 €/t",,not reported,,,,text,high,macroalgae biomass price up to 1000 €/t,Least variability in payback time for wheat residue co-digestion
10.1016/j.biteb.2024.101984,Techno-economic feasibility study of macroalgae for anaerobic digestion,2024,macroalgae,co_culture,sugar beet – vegetable mix,macroalgae biomass,anaerobic_digestion,,,,,,,,,,,,,,,,,,,,,,,,,,,payback_time,3.2,years,"Co-digestion with sugar beet – vegetable mix and macroalgae biomass, macroalgae price 1000 €/t",,not reported,,,,text,high,macroalgae biomass price 1000 €/t,Highest payback time for sugar beet – vegetable mix at highest macroalgae price
10.1016/j.biteb.2024.101984,Techno-economic feasibility study of macroalgae for anaerobic digestion,2024,macroalgae,co_culture,sugar beet – vegetable mix,macroalgae biomass,anaerobic_digestion,,,,,,,,,,,,,,,,,,,,,,,,,,,methane_yield,,,Co-digestion with sugar beet – vegetable mix and macroalgae biomass,,not reported,,,,text,medium,,Sugar beet – vegetable mix demonstrated the highest methane production yield among tested co-digestion scenarios; no numeric value provided
10.1016/j.biteb.2024.101984,Techno-economic feasibility study of macroalgae for anaerobic digestion,2024,macroalgae,feedstock,pig manure,macroalgae biomass,anaerobic_digestion,,,,,,,,,,,,,,,,,,,,,,,,,,,ROI,2,%,"on-farm AD, organic feedstock free",,not reported,,,,text,high,organic feedstock free,Payback time: 2.1 years
10.1016/j.biteb.2024.101984,Techno-economic feasibility study of macroalgae for anaerobic digestion,2024,macroalgae,feedstock,pig manure,macroalgae biomass,anaerobic_digestion,,,,,,,,,,,,,,,,,,,,,,,,,,,ROI,0,%,"on-farm AD, base case scenario",,not reported,,,,text,high,base case scenario,Payback time: 2.2 years
10.1016/j.biteb.2024.101984,Techno-economic feasibility study of macroalgae for anaerobic digestion,2024,macroalgae,feedstock,pig manure,macroalgae biomass,anaerobic_digestion,,,,,,,,,,,,,,,,,,,,,,,,,,,ROI,-8,%,"on-farm AD, macroalgae biomass 250 euros/t",,not reported,,,,text,high,macroalgae biomass 250 euros/t,Payback time: 2.2 years
10.1016/j.biteb.2024.101984,Techno-economic feasibility study of macroalgae for anaerobic digestion,2024,macroalgae,feedstock,pig manure,macroalgae biomass,anaerobic_digestion,,,,,,,,,,,,,,,,,,,,,,,,,,,ROI,-39,%,"on-farm AD, macroalgae biomass 1000 euros/t",,not reported,,,,text,high,macroalgae biomass 1000 euros/t,Payback time: 13.4 years
10.1016/j.biteb.2024.101984,Techno-economic feasibility study of macroalgae for anaerobic digestion,2024,macroalgae,feedstock,brewery spent grain,macroalgae biomass,anaerobic_digestion,,,,,,,,,,,,,,,,,,,,,,,,,,,ROI,2,%,"brewery spent grain + macroalgae, macroalgae biomass free",,not reported,,,,text,high,macroalgae biomass free,Payback time: 2 years
10.1016/j.biteb.2024.101984,Techno-economic feasibility study of macroalgae for anaerobic digestion,2024,macroalgae,feedstock,brewery spent grain,macroalgae biomass,anaerobic_digestion,,,,,,,,,,,,,,,,,,,,,,,,,,,ROI,-3,%,"brewery spent grain + macroalgae, base case scenario",,not reported,,,,text,high,base case scenario,Payback time: 2.2 years
10.1016/j.biteb.2024.101984,Techno-economic feasibility study of macroalgae for anaerobic digestion,2024,macroalgae,feedstock,brewery spent grain,macroalgae biomass,anaerobic_digestion,,,,,,,,,,,,,,,,,,,,,,,,,,,ROI,-22,%,"brewery spent grain + macroalgae, macroalgae biomass 250 euros/t",,not reported,,,,text,high,macroalgae biomass 250 euros/t,Payback time: 4 years
10.1016/j.biteb.2024.101984,Techno-economic feasibility study of macroalgae for anaerobic digestion,2024,macroalgae,feedstock,brewery spent grain,macroalgae biomass,anaerobic_digestion,,,,,,,,,,,,,,,,,,,,,,,,,,,ROI,-96,%,"brewery spent grain + macroalgae, macroalgae biomass 1000 euros/t",,not reported,,,,text,high,macroalgae biomass 1000 euros/t,"Payback time not explicitly stated, but longer than 4 years"
10.1016/j.biteb.2024.101984,Techno-economic feasibility study of macroalgae for anaerobic digestion,2024,Saccharina latissima,feedstock,macroalgae biomass,,anaerobic_digestion,,,,,,,,,,,,,,,,,,,,,,,,,,,production_cost,250,Euros/t,macroalgae biomass price threshold for positive ROI in AD,,not reported,,,,text,high,,Economic feasibility for AD with S. latissima only if price <250 Euros/t
10.1016/j.biteb.2024.101984,Techno-economic feasibility study of macroalgae for anaerobic digestion,2024,Saccharina latissima,feedstock,"macroalgae biomass (summer harvest, epiphytic growth)",,anaerobic_digestion,,,,,,,,,,,,,,,,,,,,,,,,,,,,,,,,not reported,,,,text,high,,"Summer harvests with epiphytic growth have higher storage carbohydrates, advantageous for AD and higher methane production"
10.1016/j.biteb.2024.101984,Techno-economic feasibility study of macroalgae for anaerobic digestion,2024,Saccharina latissima,feedstock,macroalgae biomass (fouled with epiphytes),,anaerobic_digestion,,,,,,,,,,,,,,,,,,,,,,,,,,,,,,,,not reported,,,,text,high,,Fouled/wasted S. latissima biomass can still be used for methane production in AD
10.1016/j.biteb.2024.101984,Techno-economic feasibility study of macroalgae for anaerobic digestion,2024,Saccharina latissima,feedstock,macroalgae biomass residues after transesterification,,anaerobic_digestion,,,,,,,,,,,,,,,,,,,,,,,,,,,,,,,,not reported,,,,text,high,,Residues after transesterification found suitable for fuel pellets; cost-effective AD utilization yet to be explored
10.1016/j.biteb.2024.101984,Techno-economic feasibility study of macroalgae for anaerobic digestion,2024,Saccharina latissima,feedstock,macroalgae biomass,sugar beet-vegetable mix,anaerobic_digestion,,,,,,,,,,,,,,,,,,,,,,,,,,,ROI,105,%,co-digestion of S. latissima and sugar beet-vegetable mix at 29 Euros/t gate fee,,not reported,,,,text,high,,Payback time 0.7 years; most favourable co-digestion scenario
10.1016/j.biteb.2024.101984,Techno-economic feasibility study of macroalgae for anaerobic digestion,2024,Saccharina latissima,feedstock,macroalgae biomass,brewery spent grain,anaerobic_digestion,,,,,,,,,,,,,,,,,,,,,,,,,,,ROI,83,%,co-digestion of S. latissima and brewery spent grain at 29 Euros/t gate fee,,not reported,,,,text,high,,Payback time 0.8 years; second most favourable co-digestion scenario
10.1016/j.biteb.2024.101984,Techno-economic feasibility study of macroalgae for anaerobic digestion,2024,Saccharina latissima,feedstock,macroalgae biomass,wheat residues,anaerobic_digestion,,,,,,,,,,,,,,,,,,,,,,,,,,,ROI,11,%,co-digestion of S. latissima and wheat residues at 29 Euros/t gate fee,,not reported,,,,text,high,,Payback time 1.7 years; lowest ROI among tested co-digestion scenarios
10.1016/j.biteb.2024.101984,Techno-economic feasibility study of macroalgae for anaerobic digestion,2024,,none,organic waste,,anaerobic_digestion,,,,,,,,,,,,,,,,,,,,,,,,,,,gate_fee,29,Euros/t,fixed gate fee for organic waste feedstock in AD,,not reported,,,,text,high,,Gate fee used in techno-economic analysis; previously 40 Euros/t
10.1016/j.biteb.2024.101984,Techno-economic feasibility study of macroalgae for anaerobic digestion,2024,Saccharina latissima,feedstock,macroalgae biomass,agricultural crop wastes,anaerobic_digestion,,,,,,,,,,,,,,,,,,,,,,,,,,,ROI,,,did not consider transportation or cultivation costs; fixed gate fee of 29 Euros,,not reported,,,,text,high,mono-digestion of S. latissima,Economics favoured co-digestion with S. latissima; better utilisation for bioenergy production
10.1016/j.rineng.2025.106044,"Integrating anaerobic digestate effluent into microalgal systems for renewable biomass and wastewater treatment: Effects of dilution, C/N ratio, and growth modelling",2025,Chlorella sp.,cultivation_medium,,,algae_cultivation,,,,,,,,,,,,,,,21,days,,,,,,,,,,,,,,,,not reported,,1.71,g/L,table,high,,"Cultivated in dairy manure (DM) 10x dilution; NH4+-N removal 100%, PO4 removal 70.1%, COD removal 38.4%."
10.1016/j.rineng.2025.106044,"Integrating anaerobic digestate effluent into microalgal systems for renewable biomass and wastewater treatment: Effects of dilution, C/N ratio, and growth modelling",2025,,cultivation_medium,anaerobic digestate effluent,,algae_cultivation,,,,,,,,,,,,,,,,,,,,,,,,,,,,,,,,not reported,,,,table,high,,"ADE physicochemical parameters at three dilution levels (P1, P2, P3) reported; see below for values."
10.1016/j.rineng.2025.106044,"Integrating anaerobic digestate effluent into microalgal systems for renewable biomass and wastewater treatment: Effects of dilution, C/N ratio, and growth modelling",2025,,cultivation_medium,,,algae_cultivation,,,,,,,,,,,,,,,,,,,,,,,,,,,production_cost,1.2,USD/L,Pure Walne medium (no ADE substitution),,not reported,,,,table,high,Pure Walne medium (no ADE substitution),Sum of all medium components; baseline for cost comparison
10.1016/j.rineng.2025.106044,"Integrating anaerobic digestate effluent into microalgal systems for renewable biomass and wastewater treatment: Effects of dilution, C/N ratio, and growth modelling",2025,,cultivation_medium,,,algae_cultivation,,,,,,,,,,,,,,,,,,,,,,,,,,,production_cost,0.94,USD/L,Acclimatisation phase (25% Walne medium replaced by ADE),,not reported,,,,table,high,Pure Walne medium (no ADE substitution),Acclimatisation phase; 25% reduction in Walne medium consumption
10.1016/j.rineng.2025.106044,"Integrating anaerobic digestate effluent into microalgal systems for renewable biomass and wastewater treatment: Effects of dilution, C/N ratio, and growth modelling",2025,,cultivation_medium,,,algae_cultivation,,,,,,,,,,,,,,,,,,,,,,,,,,,production_cost,0.15,USD/L,Full replacement of Walne medium by ADE,,not reported,,,,table,high,Pure Walne medium (no ADE substitution),Only deionized water and sterilization cost remains; 87.5% cost reduction compared to control
10.1016/j.rineng.2025.106044,"Integrating anaerobic digestate effluent into microalgal systems for renewable biomass and wastewater treatment: Effects of dilution, C/N ratio, and growth modelling",2025,Euglena sp.,cultivation_medium,,,algae_cultivation,,,,,28,C,,7.5,20,days,,,,,20,days,,,,,,,,,,,,,,,,not reported,,,,abstract,high,P0 (Walne medium),Cultivation with ADE at C/N ratio 6.47±1.15 (P2); pollutant removal measured
10.1016/j.rineng.2025.106044,"Integrating anaerobic digestate effluent into microalgal systems for renewable biomass and wastewater treatment: Effects of dilution, C/N ratio, and growth modelling",2025,Chlorella sp.,cultivation_medium,anaerobically digested dairy manure,,algae_cultivation,,,,,,,,,,,,,,,,,,,,,,,,,,,,,,,,not reported,,,,text,high,,Cultivation at various dilutions (10x to 25x); high growth rates (up to 0.409/day) and 100% ammonium removal reported.
10.1016/j.rineng.2025.106044,"Integrating anaerobic digestate effluent into microalgal systems for renewable biomass and wastewater treatment: Effects of dilution, C/N ratio, and growth modelling",2025,Chlorella zofingiensis,cultivation_medium,diluted piggery wastewater,,algae_cultivation,,,,,,,,,,,,,,,,,,,,,,,,,,,,,,,,not reported,,296.16,mg/L/day,text,high,,79.8% COD removal also reported.
10.1016/j.rineng.2025.106044,"Integrating anaerobic digestate effluent into microalgal systems for renewable biomass and wastewater treatment: Effects of dilution, C/N ratio, and growth modelling",2025,Chlorella sp.,cultivation_medium,domestic garbage leachate diluted with rural sewage,,algae_cultivation,,,,,,,,,,,,,,,,,,,,,,,,,,,,,,,,not reported,,,,text,medium,,High biomass yield and nutrient removal reported; no quantitative values given.
10.1016/j.rineng.2025.106044,"Integrating anaerobic digestate effluent into microalgal systems for renewable biomass and wastewater treatment: Effects of dilution, C/N ratio, and growth modelling",2025,Euglena sp.,cultivation_medium,domestic wastewater,,algae_cultivation,,,,,,,,,,,,,,,,,,,,,,,,,,,,,,,,not reported,,1.24,g/L,text,high,,66% phosphorus removal also reported.
10.1016/j.rineng.2025.106044,"Integrating anaerobic digestate effluent into microalgal systems for renewable biomass and wastewater treatment: Effects of dilution, C/N ratio, and growth modelling",2025,Euglena gracilis,cultivation_medium,municipal wastewater,,algae_cultivation,,,,,,,,,,,,,,,,,,,,,,,,,,,,,,,,not reported,,,,text,high,,100% phosphate and 63% ammonium nitrogen removal reported.
10.1016/j.rineng.2025.106044,"Integrating anaerobic digestate effluent into microalgal systems for renewable biomass and wastewater treatment: Effects of dilution, C/N ratio, and growth modelling",2025,Euglena gracilis,cultivation_medium,"digestate (25% dilution, pH 3.4)",,algae_cultivation,,,,,,,,3.4,,,,,,,,,,,,,,,,,,,,,,,,not reported,,,,text,high,,Highest specific growth rate (0.053/day) achieved.
10.1016/j.rineng.2025.106044,"Integrating anaerobic digestate effluent into microalgal systems for renewable biomass and wastewater treatment: Effects of dilution, C/N ratio, and growth modelling",2025,,cultivation_medium,,,algae_cultivation,,,,autoclave,24,C,,,40,days,,,,,15,days,,,,,,,,,,,,,,,,not reported,,,,text,high,Walne’s medium (P0),ADE (anaerobic digester effluent) used as cultivation medium for microalgae; acclimatisation and main cultivation phases described; ADE diluted to achieve C/N ratio 4-8; temperature 24°C; ADE autoclaved before use; retention time of source biogas system 40 days.
10.1016/j.rineng.2025.106044,"Integrating anaerobic digestate effluent into microalgal systems for renewable biomass and wastewater treatment: Effects of dilution, C/N ratio, and growth modelling",2025,,cultivation_medium,,,algae_cultivation,,,,,24,C,,,,,,,,,15,days,,,,,,,,,,,,,,,,not reported,,,,text,high,Walne’s medium (0% ADE),"Acclimatisation phase: microalgae cultivated in ADE concentrations of 0% (Walne’s medium), 25%, 50%, and 75% for 15 days at 24°C under continuous light; best performing culture selected for main cultivation."
10.1016/j.rineng.2025.106044,"Integrating anaerobic digestate effluent into microalgal systems for renewable biomass and wastewater treatment: Effects of dilution, C/N ratio, and growth modelling",2025,,none,anaerobic digestate (ADE),,algae_cultivation,,,,dilution,,,,,,,,,,,,,,,,,,,,,,,,,,,,not reported,,,,text,high,Undiluted ADE,Dilution used as pretreatment for ADE prior to microalgae cultivation
10.1016/j.rineng.2025.106044,"Integrating anaerobic digestate effluent into microalgal systems for renewable biomass and wastewater treatment: Effects of dilution, C/N ratio, and growth modelling",2025,Chlorella sp.,cultivation_medium,,,algae_cultivation,batch,batch,,,,,,,,,,,,,,,,,,,,,,,,,,,,,,not reported,,,,text,high,,Logistic growth model applied to Chlorella sp. cultivated in diluted anaerobic digestate effluent (ADE); batch culture implied.
10.1016/j.cej.2023.147516,Comparative techno-economic and life cycle analyses of synthetic “drop-in” fuel production from UK wet biomass,2023,,none,food waste,,other,,,,,,,,,,,,,,,,,,,,,,,,,,,,,,,,not reported,,,,table,high,,"Food waste volume: 11.1–13.1 Mtpa; AD: 38%, Recycling: 16%, Incineration: 13%, Composting: 4%, Landfill: 4%, Land application: 14%, Others: 7%"
10.1016/j.cej.2023.147516,Comparative techno-economic and life cycle analyses of synthetic “drop-in” fuel production from UK wet biomass,2023,,none,digestates,,other,,,,,,,,,,,,,,,,,,,,,,,,,,,,,,,,not reported,,,,table,high,,"Digestates volume: 14.2 Mtpa; Land application: 95%, Incineration: 3%, Land: 2%"
10.1016/j.cej.2023.147516,Comparative techno-economic and life cycle analyses of synthetic “drop-in” fuel production from UK wet biomass,2023,,none,sewage sludge,,other,,,,,,,,,,,,,,,,,,,,,,,,,,,,,,,,not reported,,,,table,high,,"Sewage sludge volume: 30 Mtpa; Land application: 93%, Incineration: 4%"
10.1016/j.cej.2023.147516,Comparative techno-economic and life cycle analyses of synthetic “drop-in” fuel production from UK wet biomass,2023,,none,landfilled BMW,,other,,,,,,,,,,,,,,,,,,,,,,,,,,,,,,,,not reported,,,,table,high,,Landfilled BMW volume: 3.9 Mtpa; Landfill: 100%
10.1016/j.cej.2023.147516,Comparative techno-economic and life cycle analyses of synthetic “drop-in” fuel production from UK wet biomass,2023,,none,manure,,other,,,,,,,,,,,,,,,,,,,,,,,,,,,,,,,,not reported,,,,table,high,,"Manure volume: 83 Mtpa; Land application: 97%, AD: 3%"
10.1016/j.cej.2023.147516,Comparative techno-economic and life cycle analyses of synthetic “drop-in” fuel production from UK wet biomass,2023,,none,Digestates,,hydrothermal,,,,,,,,,,,,,,,,,,,,,,,,,,,,,,,,not reported,,,,table,high,,Centralised production configuration; grey hydrogen (steam methane reforming) as hydrogen source.
10.1016/j.cej.2023.147516,Comparative techno-economic and life cycle analyses of synthetic “drop-in” fuel production from UK wet biomass,2023,,none,Food waste,,hydrothermal,,,,,,,,,,,,,,,,,,,,,,,,,,,,,,,,not reported,,,,table,high,,Decentralised production configuration; blue hydrogen (steam methane reforming with carbon capture) as hydrogen source.
10.1016/j.cej.2023.147516,Comparative techno-economic and life cycle analyses of synthetic “drop-in” fuel production from UK wet biomass,2023,,none,BMW,,hydrothermal,,,,,,,,,,,,,,,,,,,,,,,,,,,,,,,,not reported,,,,table,high,,No production configuration or hydrogen source specified for BMW.
10.1016/j.cej.2023.147516,Comparative techno-economic and life cycle analyses of synthetic “drop-in” fuel production from UK wet biomass,2023,,none,Sewage sludge,,hydrothermal,,,,,,,,,,,,,,,,,,,,,,,,,,,,,,,,not reported,,,,table,high,,Green hydrogen (renewable electricity electrolysis) as hydrogen source; production configuration not specified.
10.1016/j.cej.2023.147516,Comparative techno-economic and life cycle analyses of synthetic “drop-in” fuel production from UK wet biomass,2023,,none,Co-processing,,hydrothermal,,,,,,,,,,,,,,,,,,,,,,,,,,,,,,,,not reported,,,,table,high,,No production configuration or hydrogen source specified for co-processing scenario.
10.1016/j.cej.2023.147516,Comparative techno-economic and life cycle analyses of synthetic “drop-in” fuel production from UK wet biomass,2023,,none,Food wastes,,hydrothermal,,,,,,,,,,,,,,,,,,,,,,,,,,,,,,,,not reported,biocrude,39.6,wt% per dry feed,table,high,,Feed cost: -15 to 15 £/wet ton (average 0); Volume utilisation: 6.06 Mtpa; Moisture content: 75%; Energy content: 19.1 MJ/kg
10.1016/j.cej.2023.147516,Comparative techno-economic and life cycle analyses of synthetic “drop-in” fuel production from UK wet biomass,2023,,none,Landfilled BMW,,hydrothermal,,,,,,,,,,,,,,,,,,,,,,,,,,,,,,,,not reported,biocrude,39.6,wt% per dry feed,table,high,,Feed cost: -25 £/wet ton; Volume utilisation: 1.98 Mtpa; Moisture content: 50%; Energy content: 19.1 MJ/kg
10.1016/j.cej.2023.147516,Comparative techno-economic and life cycle analyses of synthetic “drop-in” fuel production from UK wet biomass,2023,,none,,,other,,,,,,,,,,,,,,,,,,,,,,,,,,,production_cost,0.7,$/kg,"Hydrogen production (grey, from natural gas via steam methane reforming)",,not reported,hydrogen,,,table,high,,Lower bound of cost range for grey hydrogen
10.1016/j.cej.2023.147516,Comparative techno-economic and life cycle analyses of synthetic “drop-in” fuel production from UK wet biomass,2023,,none,,,other,,,,,,,,,,,,,,,,,,,,,,,,,,,production_cost,1.6,$/kg,"Hydrogen production (grey, from natural gas via steam methane reforming)",,not reported,hydrogen,,,table,high,,Upper bound of cost range for grey hydrogen
10.1016/j.cej.2023.147516,Comparative techno-economic and life cycle analyses of synthetic “drop-in” fuel production from UK wet biomass,2023,,none,,,other,,,,,,,,,,,,,,,,,,,,,,,,,,,production_cost,1.15,$/kg,"Hydrogen production (grey, from natural gas via steam methane reforming)",,not reported,hydrogen,,,table,high,,"Average cost value for grey hydrogen, used in base analysis"
10.1016/j.cej.2023.147516,Comparative techno-economic and life cycle analyses of synthetic “drop-in” fuel production from UK wet biomass,2023,,none,,,other,,,,,,,,,,,,,,,,,,,,,,,,,,,emissions_factor,83.6,g CO2eq/MJ,"Hydrogen production (grey, from natural gas via steam methane reforming)",,not reported,hydrogen,,,table,high,,Emissions factor for grey hydrogen
10.1016/j.cej.2023.147516,Comparative techno-economic and life cycle analyses of synthetic “drop-in” fuel production from UK wet biomass,2023,,none,,,other,,,,,,,,,,,,,,,,,,,,,,,,,,,production_cost,1.2,$/kg,"Hydrogen production (blue, natural gas with carbon capture and storage)",,not reported,hydrogen,,,table,high,,Lower bound of cost range for blue hydrogen
10.1016/j.cej.2023.147516,Comparative techno-economic and life cycle analyses of synthetic “drop-in” fuel production from UK wet biomass,2023,,none,,,other,,,,,,,,,,,,,,,,,,,,,,,,,,,production_cost,2.1,$/kg,"Hydrogen production (blue, natural gas with carbon capture and storage)",,not reported,hydrogen,,,table,high,,Upper bound of cost range for blue hydrogen
10.1016/j.cej.2023.147516,Comparative techno-economic and life cycle analyses of synthetic “drop-in” fuel production from UK wet biomass,2023,,none,,,other,,,,,,,,,,,,,,,,,,,,,,,,,,,production_cost,1.65,$/kg,"Hydrogen production (blue, natural gas with carbon capture and storage)",,not reported,hydrogen,,,table,high,,"Average cost value for blue hydrogen, used in base analysis"
10.1016/j.cej.2023.147516,Comparative techno-economic and life cycle analyses of synthetic “drop-in” fuel production from UK wet biomass,2023,,none,,,other,,,,,,,,,,,,,,,,,,,,,,,,,,,emissions_factor,21.4,g CO2eq/MJ,"Hydrogen production (blue, natural gas with carbon capture and storage)",,not reported,hydrogen,,,table,high,,Emissions factor for blue hydrogen
10.1016/j.cej.2023.147516,Comparative techno-economic and life cycle analyses of synthetic “drop-in” fuel production from UK wet biomass,2023,,none,,,other,,,,,,,,,,,,,,,,,,,,,,,,,,,production_cost,3.2,$/kg,"Hydrogen production (green, electrolysis using renewable electricity)",,not reported,hydrogen,,,table,high,,Lower bound of cost range for green hydrogen
10.1016/j.cej.2023.147516,Comparative techno-economic and life cycle analyses of synthetic “drop-in” fuel production from UK wet biomass,2023,,none,,,other,,,,,,,,,,,,,,,,,,,,,,,,,,,production_cost,7.7,$/kg,"Hydrogen production (green, electrolysis using renewable electricity)",,not reported,hydrogen,,,table,high,,Upper bound of cost range for green hydrogen
10.1016/j.cej.2023.147516,Comparative techno-economic and life cycle analyses of synthetic “drop-in” fuel production from UK wet biomass,2023,,none,,,other,,,,,,,,,,,,,,,,,,,,,,,,,,,production_cost,5.45,$/kg,"Hydrogen production (green, electrolysis using renewable electricity)",,not reported,hydrogen,,,table,high,,"Average cost value for green hydrogen, used in base analysis"
10.1016/j.cej.2023.147516,Comparative techno-economic and life cycle analyses of synthetic “drop-in” fuel production from UK wet biomass,2023,,none,,,other,,,,,,,,,,,,,,,,,,,,,,,,,,,emissions_factor,0.1,g CO2eq/MJ,"Hydrogen production (green, electrolysis using renewable electricity)",,not reported,hydrogen,,,table,high,,Emissions factor for green hydrogen
10.1016/j.cej.2023.147516,Comparative techno-economic and life cycle analyses of synthetic “drop-in” fuel production from UK wet biomass,2023,,none,,,hydrothermal,,,,,,,,,,,,,,,,,,,,,,,,,,,production_cost,-25,£/wet ton,Feedstock cost (can be negative due to tipping fees),,not reported,,,,table,high,,Lower bound of feedstock cost range; negative value indicates tipping fee scenario
10.1016/j.cej.2023.147516,Comparative techno-economic and life cycle analyses of synthetic “drop-in” fuel production from UK wet biomass,2023,,none,,,hydrothermal,,,,,,,,,,,,,,,,,,,,,,,,,,,production_cost,0,£/wet ton,"Feedstock cost (upper bound, free feedstock)",,not reported,,,,table,high,,Upper bound of feedstock cost range
10.1016/j.cej.2023.147516,Comparative techno-economic and life cycle analyses of synthetic “drop-in” fuel production from UK wet biomass,2023,,none,,,hydrothermal,,,,,,,,,,,,,,,,,,,,,,,,,,,production_cost,0.26,£/km/ton waste,Feed transportation cost,,not reported,,,,table,high,,2021 GBP
10.1016/j.cej.2023.147516,Comparative techno-economic and life cycle analyses of synthetic “drop-in” fuel production from UK wet biomass,2023,,none,,,hydrothermal,,,,,,,,,,,,,,,,,,,,,,,,,,,production_cost,1.16,£/100 scf,"Natural gas cost (UK prices, 2021)",,not reported,,,,table,high,,
10.1016/j.cej.2023.147516,Comparative techno-economic and life cycle analyses of synthetic “drop-in” fuel production from UK wet biomass,2023,,none,,,hydrothermal,,,,,,,,,,,,,,,,,,,,,,,,,,,production_cost,0.13,£/kWh,Electricity cost (2021),,not reported,,,,table,high,,
10.1016/j.cej.2023.147516,Comparative techno-economic and life cycle analyses of synthetic “drop-in” fuel production from UK wet biomass,2023,,none,,,hydrothermal,,,,,,,,,,,,,,,,,,,,,,,,,,,production_cost,16.66,£/ton,Solid disposal cost (2021),,not reported,,,,table,high,,HTL char and solid residues
10.1016/j.cej.2023.147516,Comparative techno-economic and life cycle analyses of synthetic “drop-in” fuel production from UK wet biomass,2023,,none,,,hydrothermal,,,,,,,,,,,,,,,,,,,,,,,,,,,production_cost,103.73,£/ton biocrude input,Quicklime (CaO) cost (2021$),,not reported,,,,table,high,,
10.1016/j.cej.2023.147516,Comparative techno-economic and life cycle analyses of synthetic “drop-in” fuel production from UK wet biomass,2023,,none,,,hydrothermal,,,,,,,,,,,,,,,,,,,,,,,,,,,production_cost,0.44,£/m3,Process water cost (2021),,not reported,,,,table,high,,
10.1016/j.cej.2023.147516,Comparative techno-economic and life cycle analyses of synthetic “drop-in” fuel production from UK wet biomass,2023,,none,,,hydrothermal,,,,,,,,,,,,,,,,,,,,,,,,,,,production_cost,0.0495,£/kg feed input,Biocrude catalyst cost (2021),,not reported,,,,table,high,,
10.1016/j.cej.2023.147516,Comparative techno-economic and life cycle analyses of synthetic “drop-in” fuel production from UK wet biomass,2023,,none,,,hydrothermal,,,,,,,,,,,,,,,,,,,,,,,,,,,production_cost,0.0087,£/gal biocrude input,Hydrotreater catalyst cost (2021),,not reported,,,,table,high,,
10.1016/j.cej.2023.147516,Comparative techno-economic and life cycle analyses of synthetic “drop-in” fuel production from UK wet biomass,2023,,none,,,hydrothermal,,,,,,,,,,,,,,,,,,,,,,,,,,,production_cost,0.0006,£/gal biocrude input,Hydrocracking catalyst cost (2021),,not reported,,,,table,high,,
10.1016/j.cej.2023.147516,Comparative techno-economic and life cycle analyses of synthetic “drop-in” fuel production from UK wet biomass,2023,,none,,,hydrothermal,,,,,,,,,,,,,,,,,,,,,,,,,,,production_cost,0.0003,£/gal biocrude input,Cooling tower chemical cost (2021),,not reported,,,,table,high,,
10.1016/j.cej.2023.147516,Comparative techno-economic and life cycle analyses of synthetic “drop-in” fuel production from UK wet biomass,2023,,none,,,other,,,,,,,,,,,,,,,,,,,,,,,,,,,production_cost,0.109,£M/yr,"Plant manager/engineer fixed OPEX, all plant sizes",,not reported,,,,table,high,,Personnel cost for Plant manager/engineer; number required: 1 for all plant sizes
10.1016/j.cej.2023.147516,Comparative techno-economic and life cycle analyses of synthetic “drop-in” fuel production from UK wet biomass,2023,,none,,,other,,,,,,,,,,,,,,,,,,,,,,,,,,,production_cost,0.052,£M/yr,"Plant engineer fixed OPEX, plant size >0.5 dry tpa",,not reported,,,,table,high,,"Personnel cost for Plant engineer; number required: 0 for <0.5, 1 for 0.5–5, 1 for >5 dry tpa"
10.1016/j.cej.2023.147516,Comparative techno-economic and life cycle analyses of synthetic “drop-in” fuel production from UK wet biomass,2023,,none,,,other,,,,,,,,,,,,,,,,,,,,,,,,,,,production_cost,0.042,£M/yr,"Maintenance supervisor fixed OPEX, all plant sizes",,not reported,,,,table,high,,Personnel cost for Maintenance supervisor; number required: 1 for all plant sizes
10.1016/j.cej.2023.147516,Comparative techno-economic and life cycle analyses of synthetic “drop-in” fuel production from UK wet biomass,2023,,none,,,other,,,,,,,,,,,,,,,,,,,,,,,,,,,production_cost,0.041,£M/yr,"Lab manager fixed OPEX, all plant sizes",,not reported,,,,table,high,,Personnel cost for Lab manager; number required: 1 for all plant sizes
10.1016/j.cej.2023.147516,Comparative techno-economic and life cycle analyses of synthetic “drop-in” fuel production from UK wet biomass,2023,,none,,,other,,,,,,,,,,,,,,,,,,,,,,,,,,,production_cost,0.036,£M/yr,"Shift supervisor fixed OPEX, plant size >0.5 dry tpa",,not reported,,,,table,high,,"Personnel cost for Shift supervisor; number required: 0 for <0.5, 1 for 0.5–5, 1 for >5 dry tpa"
10.1016/j.cej.2023.147516,Comparative techno-economic and life cycle analyses of synthetic “drop-in” fuel production from UK wet biomass,2023,,none,,,other,,,,,,,,,,,,,,,,,,,,,,,,,,,production_cost,0.03,£M/yr,"Lab technician fixed OPEX, plant size >0.5 dry tpa",,not reported,,,,table,high,,"Personnel cost for Lab technician; number required: 0 for <0.5, 1 for 0.5–5, 2 for >5 dry tpa"
10.1016/j.cej.2023.147516,Comparative techno-economic and life cycle analyses of synthetic “drop-in” fuel production from UK wet biomass,2023,,none,,,other,,,,,,,,,,,,,,,,,,,,,,,,,,,production_cost,0.027,£M/yr,"Clerks and secretaries fixed OPEX, all plant sizes",,not reported,,,,table,high,,Personnel cost for Clerks and secretaries; number required: 1 for all plant sizes
10.1016/j.cej.2023.147516,Comparative techno-economic and life cycle analyses of synthetic “drop-in” fuel production from UK wet biomass,2023,,none,,,other,,,,,,,,,,,,,,,,,,,,,,,,,,,production_cost,0.9,fraction of labour & supervision,Overhead & maintenance fixed OPEX,,not reported,,,,table,high,,Overhead & maintenance cost is 90% of total labour & supervision
10.1016/j.cej.2023.147516,Comparative techno-economic and life cycle analyses of synthetic “drop-in” fuel production from UK wet biomass,2023,,none,,,other,,,,,,,,,,,,,,,,,,,,,,,,,,,production_cost,0.007,fraction of FCI,Insurance & taxes fixed OPEX,,not reported,,,,table,high,,Insurance & taxes cost is 0.7% of fixed capital investment (FCI)
10.1016/j.cej.2023.147516,Comparative techno-economic and life cycle analyses of synthetic “drop-in” fuel production from UK wet biomass,2023,,none,digestates,,hydrothermal,,,,,,,,,,,,,,,,,,,,,,,,,,,production_cost,14.76,£/GJ,fuel selling price for co-processing of waste feedstocks via hydrothermal liquefaction in UK context,,not reported,drop-in fuel,,,abstract,high,,Lower bound of fuel selling price range; co-processing of waste feedstocks
10.1016/j.cej.2023.147516,Comparative techno-economic and life cycle analyses of synthetic “drop-in” fuel production from UK wet biomass,2023,,none,digestates,,hydrothermal,,,,,,,,,,,,,,,,,,,,,,,,,,,production_cost,20.3,£/GJ,fuel selling price for co-processing of waste feedstocks via hydrothermal liquefaction in UK context,,not reported,drop-in fuel,,,abstract,high,,Upper bound of fuel selling price range; co-processing of waste feedstocks
10.1016/j.cej.2023.147516,Comparative techno-economic and life cycle analyses of synthetic “drop-in” fuel production from UK wet biomass,2023,,none,digestates,,hydrothermal,,,,,,,,,,,,,,,,,,,,,,,,,,,GHG_emissions,11.4,kg CO2eq/GJ,life cycle GHG emissions for co-processing of waste feedstocks via hydrothermal liquefaction in UK context (2021),,not reported,drop-in fuel,,,abstract,high,,Lower bound of GHG emissions range; consequential LCA
10.1016/j.cej.2023.147516,Comparative techno-economic and life cycle analyses of synthetic “drop-in” fuel production from UK wet biomass,2023,,none,digestates,,hydrothermal,,,,,,,,,,,,,,,,,,,,,,,,,,,GHG_emissions,24.9,kg CO2eq/GJ,life cycle GHG emissions for co-processing of waste feedstocks via hydrothermal liquefaction in UK context (2021),,not reported,drop-in fuel,,,abstract,high,,Upper bound of GHG emissions range; consequential LCA
10.1016/j.cej.2023.147516,Comparative techno-economic and life cycle analyses of synthetic “drop-in” fuel production from UK wet biomass,2023,,,wet biomass feedstock,,hydrothermal,,,,,250,C,,,5,min,,,,,,,,,,,,,,,,,,,,,,not reported,biocrude,,,text,high,,"HTL typical conditions: 250-350°C, 5-30 MPa, 5-90 min; only lowest values extracted as distinct data point."
10.1016/j.cej.2023.147516,Comparative techno-economic and life cycle analyses of synthetic “drop-in” fuel production from UK wet biomass,2023,,,wet biomass feedstock,,hydrothermal,,,,,350,C,,,90,min,,,,,,,,,,,,,,,,,,,,,,not reported,biocrude,,,text,high,,"HTL typical conditions: 250-350°C, 5-30 MPa, 5-90 min; only highest values extracted as distinct data point."
10.1016/j.cej.2023.147516,Comparative techno-economic and life cycle analyses of synthetic “drop-in” fuel production from UK wet biomass,2023,,,wet biomass feedstock,,hydrothermal,,,,,,,,,,,,,,,,,,,,,,,,,,,MFSP,30.16,£/GJ,"decentralised HTL: local biocrude production, central upgrading; 2021 cost basis",,not reported,biocrude,,,text,high,,From Snowden-Swan et al. [27]; decentralised production approach.
10.1016/j.cej.2023.147516,Comparative techno-economic and life cycle analyses of synthetic “drop-in” fuel production from UK wet biomass,2023,,,food waste,,hydrothermal,,,,,,,,,,,,,,,,,,,,,,,,,,,MFSP,22.16,£/GJ,decentralised HTL of food waste to biocrude,,not reported,biocrude,,,text,high,,From Aierzhati et al. [37]; decentralised processing.
10.1016/j.cej.2023.147516,Comparative techno-economic and life cycle analyses of synthetic “drop-in” fuel production from UK wet biomass,2023,,,wet biomass feedstock,,hydrothermal,,,not reported,,,,,,,,,,,,,,,,,,,,,,,,MFSP,13.54,£/GJ,"centralised HTL, drop-in fuel",,not reported,biocrude,,,text,high,,From Tews [40]; centralised approach.
10.1016/j.cej.2023.147516,Comparative techno-economic and life cycle analyses of synthetic “drop-in” fuel production from UK wet biomass,2023,,,wet biomass feedstock,,hydrothermal,,,not reported,,,,,,,,,,,,,,,,,,,,,,,,MFSP,19.08,£/GJ,"centralised HTL, drop-in fuel",,not reported,biocrude,,,text,high,,From Pedersen et al. [41]; centralised approach.
10.1016/j.cej.2023.147516,Comparative techno-economic and life cycle analyses of synthetic “drop-in” fuel production from UK wet biomass,2023,,none,food waste,,other,,,,,,,,,,,,,,,,,,,,,,,,,,,MFSP,15.23,£/GJ,"Centralised, Grey H2, London",,not reported,,,,text,high,,Lowest MFSP for food waste processing in London
10.1016/j.cej.2023.147516,Comparative techno-economic and life cycle analyses of synthetic “drop-in” fuel production from UK wet biomass,2023,,none,food waste,,other,,,,,,,,,,,,,,,,,,,,,,,,,,,MFSP,25.07,£/GJ,"Centralised, Grey H2, Scotland",,not reported,,,,text,high,,Highest MFSP for food waste processing in Scotland
10.1016/j.cej.2023.147516,Comparative techno-economic and life cycle analyses of synthetic “drop-in” fuel production from UK wet biomass,2023,,none,food waste,,other,,,,,,,,,,,,,,,,,,,,,,,,,,,MFSP,42,%,"Centralised, Grey H2, food waste, transportation cost share",,not reported,,,,text,high,,"Transportation distance constitutes up to 42% of MFSP for food waste in Centralised, Grey H2 scenario"
10.1016/j.cej.2023.147516,Comparative techno-economic and life cycle analyses of synthetic “drop-in” fuel production from UK wet biomass,2023,,none,,,other,,,,,,,,,,,,,,,,,,,,,,,,,,,MFSP,14.76,£/GJ,"National average, all feedstocks except decentralised digestates",,not reported,,,,text,high,,Lower bound of national average MFSP for all feedstocks except decentralised digestates
10.1016/j.cej.2023.147516,Comparative techno-economic and life cycle analyses of synthetic “drop-in” fuel production from UK wet biomass,2023,,none,,,other,,,,,,,,,,,,,,,,,,,,,,,,,,,MFSP,27.11,£/GJ,"National average, all feedstocks except decentralised digestates",,not reported,,,,text,high,,Upper bound of national average MFSP for all feedstocks except decentralised digestates
10.1016/j.cej.2023.147516,Comparative techno-economic and life cycle analyses of synthetic “drop-in” fuel production from UK wet biomass,2023,,none,,,other,,,,,,,,,,,,,,,,,,,,,,,,,,,MFSP,36.71,£/GJ,"National average, all feedstocks and production approaches",,not reported,,,,text,high,,Upper bound of national average MFSP for all feedstocks and production approaches
10.1016/j.cej.2023.147516,Comparative techno-economic and life cycle analyses of synthetic “drop-in” fuel production from UK wet biomass,2023,,,sewage sludge,,hydrothermal,,,,,,,,,,,,,,,,,,,,,,,,,,,MFSP,17.2,£/GJ,"grey hydrogen centralised scenario, SS feedstock",,not reported,,,,text,high,,Lower bound of MFSP range for SS via HTL with grey hydrogen
10.1016/j.cej.2023.147516,Comparative techno-economic and life cycle analyses of synthetic “drop-in” fuel production from UK wet biomass,2023,,,sewage sludge,,hydrothermal,,,,,,,,,,,,,,,,,,,,,,,,,,,MFSP,23.92,£/GJ,"grey hydrogen centralised scenario, SS feedstock",,not reported,,,,text,high,,Upper bound of MFSP range for SS via HTL with grey hydrogen
10.1016/j.cej.2023.147516,Comparative techno-economic and life cycle analyses of synthetic “drop-in” fuel production from UK wet biomass,2023,,,sewage sludge,,hydrothermal,,,,,,,,,,,,,,,,,,,,,,,,,,,MFSP,18.48,£/GJ,"grey hydrogen centralised scenario, SS feedstock, Alamo et al. [79]",,not reported,,,,text,high,,"Lower bound of MFSP range for SS via HTL with grey hydrogen, Alamo et al. [79]"
10.1016/j.cej.2023.147516,Comparative techno-economic and life cycle analyses of synthetic “drop-in” fuel production from UK wet biomass,2023,,,sewage sludge,,hydrothermal,,,,,,,,,,,,,,,,,,,,,,,,,,,MFSP,30.1,£/GJ,"grey hydrogen centralised scenario, SS feedstock, Alamo et al. [79]",,not reported,,,,text,high,,"Upper bound of MFSP range for SS via HTL with grey hydrogen, Alamo et al. [79]"
10.1016/j.cej.2023.147516,Comparative techno-economic and life cycle analyses of synthetic “drop-in” fuel production from UK wet biomass,2023,,,,,hydrothermal,,,,,,,,,,,,,,,,,,,,,,,,,,,MFSP,20.8,£/GJ,"UK wet feedstock, drop-in fuel, 100% feedstock utilization scenario",,not reported,,,,text,medium,,"MFSP less than £20.80/GJ for drop-in fuel from UK wet feedstock, 100% utilization scenario"
10.1016/j.cej.2023.147516,Comparative techno-economic and life cycle analyses of synthetic “drop-in” fuel production from UK wet biomass,2023,,,,,hydrothermal,,,,,,,,,,,,,,,,,,,,,,,,,,,MFSP,28.58,£/GJ,"fossil diesel, 2021 wholesale price",,not reported,,,,text,high,,2021 wholesale price of fossil diesel for comparison
10.1016/j.cej.2023.147516,Comparative techno-economic and life cycle analyses of synthetic “drop-in” fuel production from UK wet biomass,2023,,,,,hydrothermal,,,,,,,,,,,,,,,,,,,,,,,,,,,MFSP,20.3,€/GJ,"drop-in biofuel from green hydrogen, this study",,not reported,,,,text,high,,Lower bound of MFSP for drop-in biofuel from green hydrogen
10.1016/j.cej.2023.147516,Comparative techno-economic and life cycle analyses of synthetic “drop-in” fuel production from UK wet biomass,2023,,,,,hydrothermal,,,,,,,,,,,,,,,,,,,,,,,,,,,MFSP,72,€/GJ,"electro-fuel from captured CO2 and green hydrogen, Royal Society [77]",,not reported,,,,text,high,,Lower bound of MFSP for electro-fuel
10.1016/j.cej.2023.147516,Comparative techno-economic and life cycle analyses of synthetic “drop-in” fuel production from UK wet biomass,2023,,,,,hydrothermal,,,,,,,,,,,,,,,,,,,,,,,,,,,MFSP,95,€/GJ,"electro-fuel from captured CO2 and green hydrogen, Royal Society [77]",,not reported,,,,text,high,,Upper bound of MFSP for electro-fuel
10.1016/j.cej.2023.147516,Comparative techno-economic and life cycle analyses of synthetic “drop-in” fuel production from UK wet biomass,2023,,none,landfilled food waste,,other,,,,,,,,,,,,,,,,,,,,,,,,,,,,-21.5,kgCO2eq/GJ,lifecycle GHG emissions including avoided landfill methane,,not reported,,,,text,high,conventional petroleum diesel (94 kgCO2eq/GJ),Negative value indicates avoided emissions due to diversion from landfill
10.1016/j.cej.2023.147516,Comparative techno-economic and life cycle analyses of synthetic “drop-in” fuel production from UK wet biomass,2023,,none,landfilled BMW,,other,,,,,,,,,,,,,,,,,,,,,,,,,,,,-102.3,kgCO2eq/GJ,lifecycle GHG emissions including avoided landfill methane,,not reported,,,,text,high,conventional petroleum diesel (94 kgCO2eq/GJ),Negative value indicates avoided emissions due to diversion from landfill
10.1016/j.cej.2023.147516,Comparative techno-economic and life cycle analyses of synthetic “drop-in” fuel production from UK wet biomass,2023,,none,SS feedstocks,,other,,,,,,,,,,,,,,,,,,,,,,,,,,,,,,,,not reported,,,,text,high,conventional petroleum diesel (94 kgCO2eq/GJ),GHG emissions for SS feedstocks as feedstock: 5.9-10.7 kgCO2eq/GJ (range); driven by loss of fertilizer credit and carbon sequestration
10.1016/j.cej.2023.147516,Comparative techno-economic and life cycle analyses of synthetic “drop-in” fuel production from UK wet biomass,2023,,none,woody biomass,,hydrothermal,,,,,,,,,,,,,,,,,,,,,,,,,,,,27,kgCO2eq/GJ,lifecycle GHG emissions for HTL process,,not reported,,,,text,high,,Literature value from Fortier et al.
10.1016/j.cej.2023.147516,Comparative techno-economic and life cycle analyses of synthetic “drop-in” fuel production from UK wet biomass,2023,,feedstock,algae biomass,,hydrothermal,,,,,,,,,,,,,,,,,,,,,,,,,,,,35,kgCO2eq/GJ,lifecycle GHG emissions for HTL process,,not reported,,,,text,high,,Literature value from Tews et al.
10.1016/j.cej.2023.147516,Comparative techno-economic and life cycle analyses of synthetic “drop-in” fuel production from UK wet biomass,2023,,none,,,other,,,,,,,,,,,,,,,,,,,,,,,,,,,,33.7,kgCO2eq/GJ,"attributional LCA, centralised production with Grey H2",,not reported,,,,text,high,conventional petroleum diesel (94 kgCO2eq/GJ),"Upper end of range for attributional LCA, centralised Grey H2"
10.1016/j.cej.2023.147516,Comparative techno-economic and life cycle analyses of synthetic “drop-in” fuel production from UK wet biomass,2023,,none,,,other,,,,,,,,,,,,,,,,,,,,,,,,,,,,36.1,kgCO2eq/GJ,"attributional LCA, centralised production with Grey H2",,not reported,,,,text,high,conventional petroleum diesel (94 kgCO2eq/GJ),"Upper end of range for attributional LCA, centralised Grey H2"
10.1016/j.cej.2023.147516,Comparative techno-economic and life cycle analyses of synthetic “drop-in” fuel production from UK wet biomass,2023,,none,,,other,,,,,,,,,,,,,,,,,,,,,,,,,,,,22.5,kgCO2eq/GJ,"attributional LCA, decentralised production with Green H2",,not reported,,,,text,high,conventional petroleum diesel (94 kgCO2eq/GJ),"Upper end of range for attributional LCA, decentralised Green H2"
10.1016/j.cej.2023.147516,Comparative techno-economic and life cycle analyses of synthetic “drop-in” fuel production from UK wet biomass,2023,,none,food waste,,other,,,,,,,,,,,,,,,,,,,,,,,,,,,MFSP,28.58,£/GJ,"Fuel production from food waste, centralised, grey H2 scenario, Leicester, UK",,not reported,,,,figure,high,"Fossil diesel price (2021, UK wholesale)","MFSP for fossil diesel used as benchmark; MFSP for food waste-derived fuel varies with plant scale, with lowest values below fossil diesel at ~10,000 kg/h scale."
10.1016/j.cej.2023.147516,Comparative techno-economic and life cycle analyses of synthetic “drop-in” fuel production from UK wet biomass,2023,,,,,other,,,,,,,,,,,,,,,,,,,,,,,,,,,MFSP,,£/GJ,"Regional UK biofuel production including biomass, transport, OPEX, hydrogen, capital, and tax costs",,not reported,,,,figure,medium,Fossil diesel price (black dashed line) as reference,MFSP and feedstock availability are shown for 12 UK regions; exact numeric values not extractable from image.
10.1016/j.rineng.2024.103477,Kinetic modeling and optimization of biogas production from food waste and cow manure co-digestion,2024,,none,food waste,,anaerobic_digestion,,,,,,,,4.9,,,,,,,,,,,,,,,,,,,,,,,,not reported,,,,table,high,,"Food waste (FW) characterization: pH, TS, VS, sCOD, tCOD, sCOD/tCOD, soluble protein, soluble carbohydrate, elemental composition, C/N, fiber fractions."
10.1016/j.rineng.2024.103477,Kinetic modeling and optimization of biogas production from food waste and cow manure co-digestion,2024,,none,cattle manure,,anaerobic_digestion,,,,,,,,7.4,,,,,,,,,,,,,,,,,,,,,,,,not reported,,,,table,high,,"Cattle manure (CM) characterization: pH, TS, VS, sCOD, tCOD, sCOD/tCOD, soluble protein, soluble carbohydrate, elemental composition, C/N, fiber fractions."
10.1016/j.rineng.2024.103477,Kinetic modeling and optimization of biogas production from food waste and cow manure co-digestion,2024,,none,cow manure,,anaerobic_digestion,,batch,,,,,,7.1,,,,,,,,,,,,,,,,,,,,,,,,not reported,,,,table,high,100% cow manure (FW:CM 0:8),"Feedstock characterization for pure cow manure: pH 7.1, VS% 83.07, C/N 8.10, sCOD 12.90 g/L, tCOD 50.70 g/L, sCOD/tCOD 25.44%"
10.1016/j.rineng.2024.103477,Kinetic modeling and optimization of biogas production from food waste and cow manure co-digestion,2024,,none,,,anaerobic_digestion,not reported,not reported,not reported,not reported,,,not reported,,,,,,,not reported,,,,,,,,,,,,,,,,,,not reported,,,,table,high,,"First-order kinetic model fitting results for biogas production; P = biogas potential (ml/g VS), K = rate constant."
10.1016/j.rineng.2024.103477,Kinetic modeling and optimization of biogas production from food waste and cow manure co-digestion,2024,,none,cow manure,,anaerobic_digestion,batch,batch,lab,,,,,,,,,,,,,,,,,,,,,,,,,,,,,not reported,,,,table,high,"Mono-digestion of cow manure (TS 4, TS 6, TS 8, TS 10)","TS 4: P=66.25 ml/g VS, Rm=5.10 ml/g VS/d, λ=0.00 d, R2=0.9983, RMSE=0.77; TS 6: P=72.31 ml/g VS, Rm=6.68 ml/g VS/d, λ=0.06 d, R2=0.9980, RMSE=0.90; TS 8: P=87.97 ml/g VS, Rm=8.90 ml/g VS/d, λ=0.00 d, R2=0.9920, RMSE=2.08; TS 10: P=82.31 ml/g VS, Rm=7.14 ml/g VS/d, λ=0.16 d, R2=0.9978, RMSE=1.09"
10.1016/j.rineng.2024.103477,Kinetic modeling and optimization of biogas production from food waste and cow manure co-digestion,2024,,none,food waste,,anaerobic_digestion,batch,batch,lab,,,,,,,,,,,,,,,,,,,,,,,,,,,,,not reported,,,,table,high,Mono-digestion of food waste (8:0),"8:0: P=139.75 ml/g VS, Rm=9.96 ml/g VS/d, λ=0.77 d, R2=0.9998, RMSE=0.64"
10.1016/j.rineng.2024.103477,Kinetic modeling and optimization of biogas production from food waste and cow manure co-digestion,2024,,none,,,anaerobic_digestion,,,,,,,,,,,,,,,,,,,,,,,,,,,,,,,,not reported,,,,table,high,TS 4 mono-digestion,"TS 4: P=64.53 ml/g VS, Rm=4.88 ml/g VS/d, λ=0.00 d, R2=0.9953, RMSE=1.28"
10.1016/j.rineng.2024.103477,Kinetic modeling and optimization of biogas production from food waste and cow manure co-digestion,2024,,none,cow manure,,anaerobic_digestion,,,,,38,C,mesophilic,,,,,,,,,,,,,,,,,,,,,,,,,not reported,,,,text,high,"Mono-digestion of cow manure at 8% total solids, 38°C",Optimal conditions for mono-digestion reported
10.1016/j.rineng.2024.103477,Kinetic modeling and optimization of biogas production from food waste and cow manure co-digestion,2024,,none,food waste,cow manure,anaerobic_digestion,,,,,38,C,mesophilic,,,,,,,,,,325,mL/8 VS,,,,,,,,,,,,,,not reported,,,,text,high,"Mono-digestion of cow manure at 8% TS, 38°C","Co-digestion at 6:2 food waste:cow manure (TS basis) gave highest biogas yield; unit is as reported, not normalized per g VS"
10.1016/j.rineng.2024.103477,Kinetic modeling and optimization of biogas production from food waste and cow manure co-digestion,2024,,none,cattle manure,food waste,anaerobic_digestion,not reported,not reported,not reported,not reported,35,C,mesophilic,,,,,,,not reported,,,,,,,,,,,,,,,,,,not reported,,,,text,high,mono-digestion of CM or FW,"Study [27]; co-digestion at 35°C, all co-digestion reactors produced more biogas than mono-digestion."
10.1016/j.rineng.2024.103477,Kinetic modeling and optimization of biogas production from food waste and cow manure co-digestion,2024,,none,food waste,cattle manure,anaerobic_digestion,not reported,not reported,not reported,not reported,37,C,mesophilic,,,,,,,not reported,,,,,,,,,,,,,,,,,,not reported,,,,text,high,mono-digestion of FW,"Study [28]; FW mono-digestion and co-digestion with 30% CM at 37°C, 6% TS, 500 mL reactors; co-digestion increased biogas production."
10.1016/j.rineng.2024.103477,Kinetic modeling and optimization of biogas production from food waste and cow manure co-digestion,2024,,none,cattle manure,food waste,anaerobic_digestion,not reported,not reported,not reported,not reported,,,,,,,,,,not reported,,,,,,,,,,,,,,,,,,not reported,,,,text,high,mono-digestion of manure or FW,El-Mashad and Zhang [30]; co-digestion at 68:32 and 52:48 VS ratios; co-digestion increased methane yield compared to mono-digestion.
10.1016/j.rineng.2024.103477,Kinetic modeling and optimization of biogas production from food waste and cow manure co-digestion,2024,,none,cattle manure,,anaerobic_digestion,batch,batch,lab,none,38,C,mesophilic,,25,days,,,,not reported,25,days,,,,,,,,,,,,,,,,not reported,,,,text,high,Mono-digestion of cattle manure at different TS concentrations,"TS concentrations tested: 4%, 6%, 8%, 10%; temperature 38°C; batch mode; 25 days retention time"
10.1016/j.rineng.2024.103477,Kinetic modeling and optimization of biogas production from food waste and cow manure co-digestion,2024,,none,cow manure,,anaerobic_digestion,,,,,35,C,mesophilic,,,,,,,,25,days,,,,,,,,,,,,,,,,not reported,,,,text,high,,Mono-digestion of cow manure at various TS concentrations; digestion completed within 20 days; 90% of biogas produced by day 16.
10.1016/j.rineng.2024.103477,Kinetic modeling and optimization of biogas production from food waste and cow manure co-digestion,2024,,none,cow manure,,anaerobic_digestion,,,,,35,C,mesophilic,,,,,,,,,,44.81,ml/g VS,44.81,,,,,,,,,,,,,not reported,,,,text,medium,,"Methane yield from literature for cow manure at 10% TS, 35°C; 82% higher than current study due to substrate and temperature differences."
10.1016/j.rineng.2024.103477,Kinetic modeling and optimization of biogas production from food waste and cow manure co-digestion,2024,,none,CM,,anaerobic_digestion,,,,,,,,,,,,,,,,,377,ml/g VS,377,,,,,,,,,,,,,not reported,,,,text,high,Mono-digestion of CM,Yield from reference [42]; CM likely refers to cattle manure.
10.1016/j.rineng.2024.103477,Kinetic modeling and optimization of biogas production from food waste and cow manure co-digestion,2024,,none,FW,,anaerobic_digestion,,,,,,,,,,,,,,,,,483,ml/g VS,483,,,,,,,,,,,,,not reported,,,,text,high,Mono-digestion of FW,Yield from reference [55]; FW likely refers to food waste.
10.1016/j.rineng.2024.103477,Kinetic modeling and optimization of biogas production from food waste and cow manure co-digestion,2024,,,CM,,anaerobic_digestion,,batch,,,,,,,,,,,,,,,,,,,,,,,,,,,,,,,,,,text,high,TS 8 reactor mono-digestion of CM,"VS removal 26.6%, COD removal 38.4%"
10.1016/j.rineng.2024.103477,Kinetic modeling and optimization of biogas production from food waste and cow manure co-digestion,2024,,none,cattle manure,food waste,anaerobic_digestion,batch,batch,,,,,,,,,,,,,,,,,,,,,,,,,,,,,,not reported,,,,text,high,mono- and co-digestion of cattle manure and food waste,Modified Gompertz model applied to batch AD of cattle manure and food waste; no explicit parameter values reported.
10.1016/j.rineng.2024.103477,Kinetic modeling and optimization of biogas production from food waste and cow manure co-digestion,2024,,none,cow manure,food waste,anaerobic_digestion,,,,,,,,,,,,,,,24,days,350,ml/g VS,350,,,,,,,,,,,,,not reported,,,,figure,medium,highest FW ratio (6:2) in co-digestion,Maximum cumulative biogas yield observed for 6:2 (CM:FW) ratio; value estimated from graph.
10.1155/2024/4599371,Biogas Production Optimization in the Anaerobic Codigestion Process: A Critical Review on Process Parameters Modeling and Simulation Tools,2022,,none,,,anaerobic_digestion,,,,,,,,,,,1,g VS or COD/l.d,2,,,,,,,,,,,,,,,,,,,not reported,,,,table,high,,OLR and ISR are reported as optimal ranges; minimum values extracted. OLR unit as in table.
10.1155/2024/4599371,Biogas Production Optimization in the Anaerobic Codigestion Process: A Critical Review on Process Parameters Modeling and Simulation Tools,2022,,none,,,anaerobic_digestion,,,,,15,C,psychrophilic,,,,,,,,,,,,,,,,,,,,,,,,,not reported,,,,table,high,,Temperature regime: cryophilic (psychrophilic) 15-25°C; minimum value extracted.
10.1155/2024/4599371,Biogas Production Optimization in the Anaerobic Codigestion Process: A Critical Review on Process Parameters Modeling and Simulation Tools,2022,,none,,,anaerobic_digestion,,,,,35,C,mesophilic,,,,,,,,,,,,,,,,,,,,,,,,,not reported,,,,table,high,,Temperature regime: mesophilic 35-40°C; minimum value extracted.
10.1155/2024/4599371,Biogas Production Optimization in the Anaerobic Codigestion Process: A Critical Review on Process Parameters Modeling and Simulation Tools,2022,,none,,,anaerobic_digestion,,,,,50,C,thermophilic,,,,,,,,,,,,,,,,,,,,,,,,,not reported,,,,table,high,,Temperature regime: thermophilic 50-60°C; minimum value extracted.
10.1155/2024/4599371,Biogas Production Optimization in the Anaerobic Codigestion Process: A Critical Review on Process Parameters Modeling and Simulation Tools,2022,,none,Empty fruit bunches (EFBs),palm oil mill effluent (POME),anaerobic_digestion,,,,,,,,,,,,,,,,,,,,,,,,,,,,,,,,not reported,,,,table,high,EFBs alone,C/N ratio 45; cumulative CH4 increased from 0.17 to 2.031 (unit not specified)
10.1155/2024/4599371,Biogas Production Optimization in the Anaerobic Codigestion Process: A Critical Review on Process Parameters Modeling and Simulation Tools,2022,,none,Chicken manure (CM),"dairy manure (DM), rice straw (RS)",anaerobic_digestion,,,,,,,,,,,,,,,,,,,,,,,,,,,,,,,,not reported,,,,table,high,not specified,C/N ratio 25 and 30; maximum CH4 yield and reduction of ammonia inhibition observed
10.1155/2024/4599371,Biogas Production Optimization in the Anaerobic Codigestion Process: A Critical Review on Process Parameters Modeling and Simulation Tools,2022,,none,food waste (FW),cow manure,anaerobic_digestion,,,,,,,,,,,11.9,g COD/l/d,,,,,441,ml CH4/g VS,441,,,,,,,,,,,,,not reported,,,,table,high,not specified,Mixing ratio 2.5 (unit not specified); OLR also reported as 0.06 kg VS/m3 h
10.1155/2024/4599371,Biogas Production Optimization in the Anaerobic Codigestion Process: A Critical Review on Process Parameters Modeling and Simulation Tools,2022,,none,cabbage,"cauliflower, food waste",anaerobic_digestion,,,,,,,,,,,,,,,,,,,,,,,,,,,,,,,,not reported,,,,table,high,not specified,Mixing ratio 0.36:0.64; C/N ratio 45; maximum CH4 and high biodegradability (98%) attained
10.1155/2024/4599371,Biogas Production Optimization in the Anaerobic Codigestion Process: A Critical Review on Process Parameters Modeling and Simulation Tools,2022,,none,sugarcane bagasse (SB),fruit-vegetable waste (FVW),anaerobic_digestion,,,,,,,,,,,,,,,,,,,,,56,,,,,,,,,,,not reported,,,,table,high,monodigestion of SB,Mixing ratio 30:70; CH4 yields increased by 56% over monodigestion of SB
10.1155/2024/4599371,Biogas Production Optimization in the Anaerobic Codigestion Process: A Critical Review on Process Parameters Modeling and Simulation Tools,2022,,none,water hyacinth (WH),food waste (FW),anaerobic_digestion,,,,,,,,,,,,,,,,,,,,,55.2,,,,,,,,,,,not reported,,,,table,high,digesting WH alone,Mixing ratio 40:60; C/N ratio 21.47; enhanced biogas volume by 55.2% with maximum biodegradability of 89.3%
10.1155/2024/4599371,Biogas Production Optimization in the Anaerobic Codigestion Process: A Critical Review on Process Parameters Modeling and Simulation Tools,2022,R. Okamura,feedstock,R. Okamura,olive mill solid waste (OMSW),anaerobic_digestion,,,,,,,,,,,,,,,,,,,,,177,,,,,,,,,,,not reported,,,,table,high,R. Okamura treating alone,Mixing ratio 1:3; C/N ratio 27.4; improved CH4 yields 177% over R. Okamura alone
10.1155/2024/4599371,Biogas Production Optimization in the Anaerobic Codigestion Process: A Critical Review on Process Parameters Modeling and Simulation Tools,2022,,none,coffee husk (CH),"water hyacinth (WH), food waste (FW)",anaerobic_digestion,,,,,,,,,,,,,,,,,,,,,179.7,,,,,,,,,,,not reported,,,,table,high,CH testing alone,Mixing ratio 25:25:50; C/N ratio 23.7; biogas volume improved by 179.7% with maximum biodegradability of 89.22%
10.1155/2024/4599371,Biogas Production Optimization in the Anaerobic Codigestion Process: A Critical Review on Process Parameters Modeling and Simulation Tools,2022,,,Water hyacinth,Food waste,anaerobic_digestion,,,,,,,,,,,,,,,,,,,,,,,,,,,,,,,,not reported,,,,table,high,,Kinetic models MGM and FOKM applied; deviation 2.84–13.01% between model and experiment.
10.1155/2024/4599371,Biogas Production Optimization in the Anaerobic Codigestion Process: A Critical Review on Process Parameters Modeling and Simulation Tools,2022,,,Food waste,Rendering industry streams,anaerobic_digestion,,,,,,,,,,,,,,,,,,,,,,,,,,,,,,,,not reported,,,,table,high,,Kinetic models FOKM and MM applied; FOKM best fit with high correlations.
10.1155/2024/4599371,Biogas Production Optimization in the Anaerobic Codigestion Process: A Critical Review on Process Parameters Modeling and Simulation Tools,2022,,,Sewage sludge,Treated waste-activated sludge,anaerobic_digestion,,,,,,,,,,,,,,,,,,,,,,,,,,,,,,,,not reported,,,,table,high,,"Kinetic models MGM, FOKM, CM, and WM applied; all except MGM fit well (R2>0.976)."
10.1155/2024/4599371,Biogas Production Optimization in the Anaerobic Codigestion Process: A Critical Review on Process Parameters Modeling and Simulation Tools,2022,,,Chicken litter,"Yogurt whey, hay grass, wheat straw",anaerobic_digestion,,,,,,,,,,,,,,,,,,,,,,,,,,,,,,,,not reported,,,,table,high,,"Kinetic models FOKM, CM, MGM, TFM applied; MGM best fit (R2>0.931, deviation <9.93%)."
10.1155/2024/4599371,Biogas Production Optimization in the Anaerobic Codigestion Process: A Critical Review on Process Parameters Modeling and Simulation Tools,2022,,,Corn stover,Chicken manure,anaerobic_digestion,,,,,,,,,,,,,,,,,,,,,,,,,,,,,,,,not reported,,,,table,high,,"Kinetic models MGM, CM, FOKM, MLM applied; MGM best fit (R2=0.984–0.998)."
10.1155/2024/4599371,Biogas Production Optimization in the Anaerobic Codigestion Process: A Critical Review on Process Parameters Modeling and Simulation Tools,2022,,,Cow manure,Sheep manure,anaerobic_digestion,,,,,,,,,,,,,,,,,,,,,,,,,,,,,,,,not reported,,,,table,high,,"Kinetic models FOKM, MGM, MRM applied; MRM best fit (R2>0.981, RMSE=0.589 for sheep manure)."
10.1155/2024/4599371,Biogas Production Optimization in the Anaerobic Codigestion Process: A Critical Review on Process Parameters Modeling and Simulation Tools,2022,,,Yard waste,Food waste,anaerobic_digestion,,,,,,,,,,,,,,,,,,,,,,,,,,,,,,,,not reported,,,,table,high,,"Kinetic models MLM, MGM, TFM applied; MGM best fit (R2=0.994–0.996, RMSE=3.7–15.4)."
10.1155/2024/4599371,Biogas Production Optimization in the Anaerobic Codigestion Process: A Critical Review on Process Parameters Modeling and Simulation Tools,2022,,none,Wastewater,,anaerobic_digestion,,,,,,,,,,,,,,,,,,,,,,,,,,,,,,,,not reported,,,,table,high,,"Aspen Plus model; simulation and optimization of OLR, temperature, H2 addition, pH, recycle ratios"
10.1155/2024/4599371,Biogas Production Optimization in the Anaerobic Codigestion Process: A Critical Review on Process Parameters Modeling and Simulation Tools,2022,,none,Waste sludge,expired yogurt,anaerobic_digestion,,,,,,,,,,,,,,,,,,,,,,,,,,,,,,,,not reported,,,,table,high,,Aspen Plus model; prediction of kinetic parameters and simulation of codigestion
10.1155/2024/4599371,Biogas Production Optimization in the Anaerobic Codigestion Process: A Critical Review on Process Parameters Modeling and Simulation Tools,2022,,none,Cattle manure,dairy milk processing waste,anaerobic_digestion,,,,,,,,,,,,,,,,,,,,,,,,,,,,,,,,not reported,,,,table,high,,Aspen Plus model; simulation of dairy milk process plant and investment profitability of biogas use in drying milk
10.1155/2024/4599371,Biogas Production Optimization in the Anaerobic Codigestion Process: A Critical Review on Process Parameters Modeling and Simulation Tools,2022,,none,Cow dung,food waste,anaerobic_digestion,,,,,,,,,,,,,,,,,,,,,,,,,,,,,,,,not reported,,,,table,high,,Aspen Plus model; simulation of codigestion to predict biogas production
10.1155/2024/4599371,Biogas Production Optimization in the Anaerobic Codigestion Process: A Critical Review on Process Parameters Modeling and Simulation Tools,2022,,none,Potato stem,milk whey,anaerobic_digestion,,,,,,,,,,,,,,,,,,,,,,,,,,,,,,,,not reported,,,,table,high,,Aspen Plus model; optimization of organic load and technoeconomic assessment
10.1155/2024/4599371,Biogas Production Optimization in the Anaerobic Codigestion Process: A Critical Review on Process Parameters Modeling and Simulation Tools,2022,,none,Pulp mill primary sludge,secondary sludge,anaerobic_digestion,,,,,,,,,,,,,,,,,,,,,,,,,,,,,,,,not reported,,,,table,high,,Aspen Plus model; evaluation of bioenergy production and optimization of mixing ratios
10.1155/2024/4599371,Biogas Production Optimization in the Anaerobic Codigestion Process: A Critical Review on Process Parameters Modeling and Simulation Tools,2022,,none,VOC emissions,,anaerobic_digestion,,,,,,,,,,,,,,,,,,,,,,,,,,,,,,,,not reported,,,,table,high,,Aspen Plus model; optimization and simulation of biogas production
10.1155/2024/4599371,Biogas Production Optimization in the Anaerobic Codigestion Process: A Critical Review on Process Parameters Modeling and Simulation Tools,2022,,none,Palm oil mill effluent,,anaerobic_digestion,,,,,,,,,,,,,,,,,,,,,,,,,,,,,,,,not reported,,,,table,high,,Aspen Plus model; optimization and simulation of process parameters for maximum methane
10.1155/2024/4599371,Biogas Production Optimization in the Anaerobic Codigestion Process: A Critical Review on Process Parameters Modeling and Simulation Tools,2022,,none,Municipal solid waste,,anaerobic_digestion,,,,,,,,,,,,,,,,,,,,,,,,,,,,,,,,not reported,,,,table,high,,Aspen Plus model; optimization and analysis of methane production
10.1155/2024/4599371,Biogas Production Optimization in the Anaerobic Codigestion Process: A Critical Review on Process Parameters Modeling and Simulation Tools,2022,,none,Solid waste,,anaerobic_digestion,,,,,,,,,,,,,,,,,,,,,,,,,,,,,,,,not reported,,,,table,high,,ADM1 model; investigation of effects of pH and VFA on biogas production
10.1155/2024/4599371,Biogas Production Optimization in the Anaerobic Codigestion Process: A Critical Review on Process Parameters Modeling and Simulation Tools,2022,,none,Primary sludge,,anaerobic_digestion,,,,,,,,,,,,,,,,,,,,,,,,,,,,,,,,not reported,,,,table,high,,ADM1 model; simulation of dynamic properties in a full-scale digester
10.1155/2024/4599371,Biogas Production Optimization in the Anaerobic Codigestion Process: A Critical Review on Process Parameters Modeling and Simulation Tools,2022,,none,Pig manure,"silages, thin stillage, and glycerine phase",anaerobic_digestion,,,,,,,,,,,,,,,,,,,,,,,,,,,,,,,,not reported,,,,table,high,,ADM1 model; optimization and simulation of codigestion and kinetic parameters
10.1155/2024/4599371,Biogas Production Optimization in the Anaerobic Codigestion Process: A Critical Review on Process Parameters Modeling and Simulation Tools,2022,,none,Lactate,,anaerobic_digestion,,,,,,,,,,,,,,,,,,,,,,,,,,,,,,,,not reported,,,,table,high,,ADM1xp model; effect of lactic acid addition on model prediction
10.1155/2024/4599371,Biogas Production Optimization in the Anaerobic Codigestion Process: A Critical Review on Process Parameters Modeling and Simulation Tools,2022,,none,Dairy manure spent,mushroom substrate,anaerobic_digestion,,,,,,,,,,,,,,,,,,,,,,,,,,,,,,,,not reported,,,,table,high,,ADM1xp model; modeling and prediction of pH and kinetics to optimize substrate ratio and HRT
10.1155/2024/4599371,Biogas Production Optimization in the Anaerobic Codigestion Process: A Critical Review on Process Parameters Modeling and Simulation Tools,2022,,none,Waste-activated sludge,corn silage,anaerobic_digestion,,,,,,,,,,,,,,,,,,,,,,,,,,,,,,,,not reported,,,,table,high,,ADM1-PID model; simulation and optimization of mixing ratio for maximum methane
10.1155/2024/4599371,Biogas Production Optimization in the Anaerobic Codigestion Process: A Critical Review on Process Parameters Modeling and Simulation Tools,2022,,none,Diluted dairy manure,kitchen wastes,anaerobic_digestion,,,,,,,,,,,,,,,,,,,,,,,,,,,,,,,,not reported,,,,table,high,,"ADM1-PID model; optimization of mixing ratio and HRT, evaluation of hydrolysis kinetics"
10.1155/2024/4599371,Biogas Production Optimization in the Anaerobic Codigestion Process: A Critical Review on Process Parameters Modeling and Simulation Tools,2022,,none,,,anaerobic_digestion,,,,,,,,,,,,,,,,,,,,,,90,%,,,,,,,,,not reported,,,,text,high,,COD removal up to 90% at optimum conditions
10.1155/2024/4599371,Biogas Production Optimization in the Anaerobic Codigestion Process: A Critical Review on Process Parameters Modeling and Simulation Tools,2022,,none,,,anaerobic_digestion,,,,,,,,,,,,,,,,,,,,,,95,%,,,,,,,,,not reported,,,,text,high,,BOD removal up to 95% at optimum conditions
10.1155/2024/4599371,Biogas Production Optimization in the Anaerobic Codigestion Process: A Critical Review on Process Parameters Modeling and Simulation Tools,2022,,none,"mixture of cabbage, cauliflower, and food waste",,anaerobic_digestion,,continuous,,,,,,,,,0.06,kgVS/m^3/h,,,,,,,,,,,,,,,,,,,,not reported,,,,text,high,,Maximum methane yield and 98% biodegradability at this OLR; exact methane yield value not stated.
10.1155/2024/4599371,Biogas Production Optimization in the Anaerobic Codigestion Process: A Critical Review on Process Parameters Modeling and Simulation Tools,2022,,none,cattle manure,other biowaste matter,anaerobic_digestion,,,,,,,,,10,days,,,,,,,,,,,,,,,,,,,,,,not reported,,,,text,high,,AcoD experiment; removal efficiency of VS and COD up to 90% at HRT between 10 and 20 days.
10.1155/2024/4599371,Biogas Production Optimization in the Anaerobic Codigestion Process: A Critical Review on Process Parameters Modeling and Simulation Tools,2022,,none,cattle manure,other biowaste matter,anaerobic_digestion,,,,,,,,,20,days,,,,,,,,,,,,,,,,,,,,,,not reported,,,,text,high,,AcoD experiment; removal efficiency of VS and COD up to 90% at HRT between 10 and 20 days.
10.1155/2024/4599371,Biogas Production Optimization in the Anaerobic Codigestion Process: A Critical Review on Process Parameters Modeling and Simulation Tools,2022,,none,,,anaerobic_digestion,,,,,,,,,0.5,days,,,,,,,,,,77,,,,,,,,,,,,not reported,,,,text,medium,,Review report; 77% high-quality biogas and 87% COD removal at HRT of 12 hours (0.5 days); substrate not specified.
10.1155/2024/4599371,Biogas Production Optimization in the Anaerobic Codigestion Process: A Critical Review on Process Parameters Modeling and Simulation Tools,2022,,none,CM,sorghum,anaerobic_digestion,two-stage digester,,,,,,,5,,,,,,,,,,,,,,,,,,,,,,,,not reported,hydrogen,0.92,mol H2/mol carbohydrates consumed,text,high,,Highest H2 yield at pH 5 in two-stage AcoD of CM and sorghum
10.1155/2024/4599371,Biogas Production Optimization in the Anaerobic Codigestion Process: A Critical Review on Process Parameters Modeling and Simulation Tools,2022,,none,maize stalk,swine manure,anaerobic_digestion,,,,,,,thermophilic,6.81,,,,,,,35,days,,,,,,,,,,,,,,,,not reported,,,,text,high,,Optimum initial pH and VFA/TA ratio for methanogen activity
10.1155/2024/4599371,Biogas Production Optimization in the Anaerobic Codigestion Process: A Critical Review on Process Parameters Modeling and Simulation Tools,2022,,none,cow manure,"poultry droppings, hog waste",anaerobic_digestion,cubical,not reported,not reported,not reported,,,not reported,,,,,,,not reported,,,,,,,,,,,,,,,,,,not reported,,,,text,high,,Maximum biogas production from cubical digester: 18.2 dm3
10.1155/2024/4599371,Biogas Production Optimization in the Anaerobic Codigestion Process: A Critical Review on Process Parameters Modeling and Simulation Tools,2022,,none,cow manure,"poultry droppings, hog waste",anaerobic_digestion,conical,not reported,not reported,not reported,,,not reported,,,,,,,not reported,,,,,,,,,,,,,,,,,,not reported,,,,text,high,,Maximum biogas production from conical digester: 14.4 L
10.1155/2024/4599371,Biogas Production Optimization in the Anaerobic Codigestion Process: A Critical Review on Process Parameters Modeling and Simulation Tools,2022,,none,cow manure,"poultry droppings, hog waste",anaerobic_digestion,cylindrical,not reported,not reported,not reported,,,not reported,,,,,,,not reported,,,,,,,,,,,,,,,,,,not reported,,,,text,high,,Maximum biogas production from cylindrical digester: 23.4 L
10.1155/2024/4599371,Biogas Production Optimization in the Anaerobic Codigestion Process: A Critical Review on Process Parameters Modeling and Simulation Tools,2022,,,rendering industry waste,food waste,anaerobic_digestion,,,,,,,,,,,,,,,,,,,,,,,,,,,,,,,,,,,,text,high,,First-order kinetic model used; kinetic reaction constant increased from 0.135/d to 0.150/d.
10.1155/2024/4599371,Biogas Production Optimization in the Anaerobic Codigestion Process: A Critical Review on Process Parameters Modeling and Simulation Tools,2022,,,primary sewage sludge,hydrothermally treated waste-activated sludge,anaerobic_digestion,,,,hydrothermal,,,mesophilic,,,,,,,,,,,,,,,,,,,,,,,,,,,,,text,high,,"Multiple kinetic models tested (Cone, modified Gompertz, Gompertz, first-order, Weibull); all except MGM fit gas production well (R^2 > 0.976); mesophilic conditions."
10.1155/2024/4599371,Biogas Production Optimization in the Anaerobic Codigestion Process: A Critical Review on Process Parameters Modeling and Simulation Tools,2022,,,food waste,microalgae,anaerobic_digestion,,,,,,,,,,,,,,,,,,,,,,,,,,,,,,,,,,,,text,high,,"Synergistic effects of co-digestion evaluated; kinetic models (FOKM, MGM, CM) tested at different mixing ratios; CM had best fit (R^2 > 0.963)."
10.1155/2024/4599371,Biogas Production Optimization in the Anaerobic Codigestion Process: A Critical Review on Process Parameters Modeling and Simulation Tools,2022,,none,maize straw,fruit and vegetable wastes with cow dung,anaerobic_digestion,not reported,not reported,not reported,not reported,,,,,,,,,,not reported,,,,,,,,,,,,,,,,,,not reported,,,,text,high,,"ANN-based model for online monitoring of alkalinity; substrates and input parameters specified, no yield data."
10.1155/2024/4599371,Biogas Production Optimization in the Anaerobic Codigestion Process: A Critical Review on Process Parameters Modeling and Simulation Tools,2022,,none,food waste,,anaerobic_digestion,not reported,not reported,not reported,not reported,,,,,,,,,,not reported,,,,,,,,,,,,,,,,,,not reported,,,,text,high,,"Process-based and RNN model used to forecast biogas production and OLR; input parameters specified, no yield data."
10.1155/2024/4599371,Biogas Production Optimization in the Anaerobic Codigestion Process: A Critical Review on Process Parameters Modeling and Simulation Tools,2022,,none,spent mushroom compost,,anaerobic_digestion,not reported,not reported,not reported,not reported,35,C,mesophilic,,,,,,,not reported,,,,,,,,,,,,,,,,,,not reported,,,,text,high,,"ANN, ANFIS, and logistic models compared for biogas yield prediction; RMSE and R2 values reported for models."
10.1155/2024/4599371,Biogas Production Optimization in the Anaerobic Codigestion Process: A Critical Review on Process Parameters Modeling and Simulation Tools,2022,,none,spent mushroom compost,,anaerobic_digestion,not reported,not reported,not reported,not reported,55,C,thermophilic,,,,,,,not reported,,,,,,,,,,,,,,,,,,not reported,,,,text,high,,"ANN, ANFIS, and logistic models compared for biogas yield prediction; RMSE and R2 values reported for models."
10.1155/2024/4599371,Biogas Production Optimization in the Anaerobic Codigestion Process: A Critical Review on Process Parameters Modeling and Simulation Tools,2022,,none,wastewater,,anaerobic_digestion,not reported,not reported,lab,not reported,,,,,,,,,,not reported,,,,,,,,,,,,,,,,,,not reported,,,,text,high,,ANN and ANFIS models used to estimate biogas production from wastewater treatment at lab scale; no yield data.
10.1155/2024/4599371,Biogas Production Optimization in the Anaerobic Codigestion Process: A Critical Review on Process Parameters Modeling and Simulation Tools,2022,,none,tree leaves,"animal manure, wastewater",anaerobic_digestion,,,,,,,,,,,,,,,,,,,,50.55,,,,,,,,,,,,not reported,,,,text,high,,Feedstock ratio 25:25:50% (tree leaves:animal manure:wastewater); methane content reported as mol%.
10.1155/2024/4599371,Biogas Production Optimization in the Anaerobic Codigestion Process: A Critical Review on Process Parameters Modeling and Simulation Tools,2022,,none,mixed seeds,"animal manure, wastewater",anaerobic_digestion,,,,,,,,,,,,,,,,,,,,47.85,,,,,,,,,,,,not reported,,,,text,high,,Feedstock ratio 25:25:50% (mixed seeds:animal manure:wastewater); methane content reported as mol%.
10.1155/2024/4599371,Biogas Production Optimization in the Anaerobic Codigestion Process: A Critical Review on Process Parameters Modeling and Simulation Tools,2022,,none,pig manure,"thin stillage, glycerine phase, silages",anaerobic_digestion,,,,,,,mesophilic,,,,,,,,,,,,,,,,,,,,,,,,,not reported,,,,text,high,,"ADM1 model simulation; mesophilic codigestion; model calibration with mixture of thin stillage, pig manure, and silages."
10.1016/j.biortech.2025.132591,Insights on microalgae-based technologies with potential impact on global methane budget – Perspectives for industrial applications,2025,,cultivation_medium,,,algae_AD_integrated,HRAP,continuous,pilot,,,,,9.1,,,,,,,,,,,,70.0,,,,,,,,,,,,not reported,,2.2,g m-2 d-1,table,medium,,"From Toledo-Cervantes et al., 2016. Biogas composition: CH4 70.0%, CO2 29.5%, O2 0.0%, H2S 0.5%, N2 not reported. DO 5.4 mg/L."
10.1016/j.biortech.2025.132591,Insights on microalgae-based technologies with potential impact on global methane budget – Perspectives for industrial applications,2025,,cultivation_medium,,,algae_AD_integrated,HRAP,continuous,pilot,,,,,7.1,8,days,,,,,,,,,,69.2,,,,,,,,,,,,not reported,,,,table,medium,,"From Rodero et al., 2019a. Biogas composition: CH4 69.2%, CO2 32.7%, O2 0.0%, H2S 0.1%, N2 not reported. DO 6.6 mg/L."
10.1016/j.biortech.2025.132591,Insights on microalgae-based technologies with potential impact on global methane budget – Perspectives for industrial applications,2025,,biogas_upgrading,,,algae_AD_integrated,TPBR-AC,continuous,lab,,,,,,50,days,,,,,12,hours,,,,70.0,,,,,,,,,,,,not reported,algal biomass,2.5,g m-2d-1,table,high,,"Biogas composition: CH4 70.0%, CO2 29.5%, O2 0.0%, H2S 0.5%, N2 not reported; DO 8.1 mg/L; Px 2.5 g m-2d-1; pH 7.5–10.7; Reference: Toledo-Cervantes et al., 2018"
10.1016/j.biortech.2025.132591,Insights on microalgae-based technologies with potential impact on global methane budget – Perspectives for industrial applications,2025,,biogas_upgrading,,,algae_AD_integrated,TPBR-AC,continuous,lab,,,,,,25,days,,,,,,,,,,70.0,,,,,,,,,,,,not reported,algal biomass,8.0,g m-2d-1,table,high,,"Biogas composition: CH4 70.0%, CO2 29.5%, O2 0.0%, H2S 0.5%, N2 not reported; DO 10.8 mg/L; Px 8.0 g m-2d-1; pH 7.5–10.0; Reference: Toledo-Cervantes et al., 2018"
10.1016/j.biortech.2025.132591,Insights on microalgae-based technologies with potential impact on global methane budget – Perspectives for industrial applications,2025,,biogas_upgrading,,,algae_AD_integrated,TPBR-AC,continuous,lab,,,,,9.3,26.8,days,,,,,,,,,,70.0,,,,,,,,,,,,not reported,algal biomass,12.1,g m-2d-1,table,high,,"Nitrogen repletion; Biogas composition: CH4 70.0%, CO2 29.5%, O2 0.0%, H2S 0.5%, N2 not reported; DO 17.6 mg/L; Px 12.1 g m-2d-1; Reference: Ángeles et al., 2020"
10.1016/j.biortech.2025.132591,Insights on microalgae-based technologies with potential impact on global methane budget – Perspectives for industrial applications,2025,,biogas_upgrading,,,algae_AD_integrated,TPBR-AC,continuous,lab,,,,,9.6,2.6,days,,,,,,,,,,70.0,,,,,,,,,,,,not reported,algal biomass,11.2,g m-2d-1,table,high,,"Nitrogen deprivation; Biogas composition: CH4 70.0%, CO2 29.5%, O2 0.0%, H2S 0.5%, N2 not reported; DO 14.0 mg/L; Px 11.2 g m-2d-1; Reference: Ángeles et al., 2020"
10.1016/j.biortech.2025.132591,Insights on microalgae-based technologies with potential impact on global methane budget – Perspectives for industrial applications,2025,,biogas_upgrading,,,algae_AD_integrated,TPBR-AC,continuous,lab,,,,,9.3,2.5,days,,,,,12,hours,,,,70.0,,,,,,,,,,,,not reported,algal biomass,9.7,g m-2d-1,table,high,,"Biogas composition: CH4 70.0%, CO2 29.5%, O2 0.0%, H2S 0.5%, N2 not reported; DO 15.7 mg/L; Px 9.7 g m-2d-1; Reference: Ángeles et al., 2021"
10.1016/j.biortech.2025.132591,Insights on microalgae-based technologies with potential impact on global methane budget – Perspectives for industrial applications,2025,Synechococcus sp.,co_culture,,,algae_cultivation,chemostat,continuous,lab,,,,,8.0,,,,,,,,,,,,80.0,,,,,,,,,,,,not reported,biomass,19.5,g/L/d,table,high,,Biomass areal productivity; co-culture with Methylomicrobium; CO2 and O2 in biogas: 3.0% and 0.0% respectively; pressure 1 atm; reactor volume 5.5 L
10.1016/j.biortech.2025.132591,Insights on microalgae-based technologies with potential impact on global methane budget – Perspectives for industrial applications,2025,Chlorella sorokiniana,co_culture,,,algae_cultivation,not reported,not reported,lab,,,,,7.0,,,,,,,,,,,,60.0,,,,,,,,,,,,not reported,biomass,1.5,g/L/d,table,high,,Co-culture with Methylococcus capsulatus; CO2 and O2 in biogas: 40.0% and 0.0% respectively; reactor volume 1.6 L (with external gas phase compartment)
10.1016/j.biortech.2025.132591,Insights on microalgae-based technologies with potential impact on global methane budget – Perspectives for industrial applications,2025,Scenedesmussobtusiusculus,co_culture,,,algae_cultivation,serum bottle,batch,lab,,,,,,,,,,,,,,,,,70.0,,,,,,,,,,,,not reported,biomass,0.6,g/L/d,table,high,,Co-culture with alkaliphilic methanotrophic bacteria consortium; CO2 and O2 in biogas: 30.0% and 0.0% respectively; reactor volume 250 mL
10.1016/j.biortech.2025.132591,Insights on microalgae-based technologies with potential impact on global methane budget – Perspectives for industrial applications,2025,Emiliania huxleyi RCC1216,none,,,other,,,,,,,,,,,,,,,,,0.7,μmol CH4 gdw-1 h-1,,,,,,,,,,,,,,not reported,,,,table,high,,"CH4 precursor: NaHCO3;Methionine; Reference: Lenhart et al., 2016"
10.1016/j.biortech.2025.132591,Insights on microalgae-based technologies with potential impact on global methane budget – Perspectives for industrial applications,2025,Emiliania huxleyi RCC1216,none,,,other,,,,,,,,,,,,,,,,,3.1,μmol CH4 gdw-1 h-1,,,,,,,,,,,,,,not reported,,,,table,high,,"CH4 precursor: NaHCO3; DMS; DMSO; MSO; Reference: Klintzsch et al., 2019"
10.1016/j.biortech.2025.132591,Insights on microalgae-based technologies with potential impact on global methane budget – Perspectives for industrial applications,2025,Emiliania huxleyi RCC1216,none,,,other,,,,,,,,,,,,,,,,,14.0,μmol CH4 gdw-1 h-1,,,,,,,,,,,,,,not reported,,,,table,high,,"CH4 precursor: not reported; Reference: Klintzsch et al., 2020"
10.1016/j.biortech.2025.132591,Insights on microalgae-based technologies with potential impact on global methane budget – Perspectives for industrial applications,2025,Chrysochromulina sp. PLY 307,none,,,other,,,,,,,,,,,,,,,,,3.24,μmol CH4 gdw-1 h-1,,,,,,,,,,,,,,not reported,,,,table,high,,
10.1016/j.biortech.2025.132591,Insights on microalgae-based technologies with potential impact on global methane budget – Perspectives for industrial applications,2025,Phaeocystis globosa PLY 575,none,,,other,,,,,,,,,,,,,,,,,15.6,μmol CH4 gdw-1 h-1,,,,,,,,,,,,,,not reported,,,,table,high,,
10.1016/j.biortech.2025.132591,Insights on microalgae-based technologies with potential impact on global methane budget – Perspectives for industrial applications,2025,Leptocylindrus danicus,none,,,other,,,,,,,,,,,,,,,,,0.01,μmol CH4 gdw-1 h-1,,,,,,,,,,,,,,not reported,,,,table,high,,"Reference: Günthel et al., 2020"
10.1016/j.biortech.2025.132591,Insights on microalgae-based technologies with potential impact on global methane budget – Perspectives for industrial applications,2025,Leptolyngbya sp.,none,,,other,,,,,,,,,,,,,,,,,0.18,μmol CH4 gdw-1 h-1,,,,,,,,,,,,,,not reported,,,,table,high,,"CH4 precursor: NaHCO3; Reference: Bizic et al., 2020"
10.1016/j.biortech.2025.132591,Insights on microalgae-based technologies with potential impact on global methane budget – Perspectives for industrial applications,2025,Chroococcidiopsis sp. PCC9317,none,,,other,,,,,,,,,,,,,,,,,0.57,μmol CH4 gdw-1 h-1,,,,,,,,,,,,,,not reported,,,,table,high,,
10.1016/j.biortech.2025.132591,Insights on microalgae-based technologies with potential impact on global methane budget – Perspectives for industrial applications,2025,Anabaena borealis,none,,,other,,,,,,,,,,,,,,,,,0.67,μmol CH4 gdw-1 h-1,,,,,,,,,,,,,,not reported,,,,table,high,,
10.1016/j.biortech.2025.132591,Insights on microalgae-based technologies with potential impact on global methane budget – Perspectives for industrial applications,2025,Anabaena sp. PCC 7120,none,,,other,,,,,,,,,,,,,,,,,0.84,μmol CH4 gdw-1 h-1,,,,,,,,,,,,,,not reported,,,,table,high,,Axenic culture
10.1016/j.biortech.2025.132591,Insights on microalgae-based technologies with potential impact on global methane budget – Perspectives for industrial applications,2025,Anabaena cylindrica ATCC29414,none,,,other,,,,,,,,,,,,,,,,,0.88,μmol CH4 gdw-1 h-1,,,,,,,,,,,,,,not reported,,,,table,high,,
10.1016/j.biortech.2025.132591,Insights on microalgae-based technologies with potential impact on global methane budget – Perspectives for industrial applications,2025,Microcystis aeruginosa PCC 7806,none,,,other,,,,,,,,,,,,,,,,,0.92,μmol CH4 gdw-1 h-1,,,,,,,,,,,,,,not reported,,,,table,high,,
10.1016/j.biortech.2025.132591,Insights on microalgae-based technologies with potential impact on global methane budget – Perspectives for industrial applications,2025,Trichodesmium erythraeum,none,,,other,,,,,,,,,,,,,,,,,0.51,μmol CH4 gdw-1 h-1,,,,,,,,,,,,,,not reported,,,,table,high,,CH4 precursor: NaHCO3
10.1016/j.biortech.2025.132591,Insights on microalgae-based technologies with potential impact on global methane budget – Perspectives for industrial applications,2025,Nodularia spumigena,none,,,other,,,,,,,,,,,,,,,,,0.72,μmol CH4 gdw-1 h-1,,,,,,,,,,,,,,not reported,,,,table,high,,
10.1016/j.biortech.2025.132591,Insights on microalgae-based technologies with potential impact on global methane budget – Perspectives for industrial applications,2025,Phormidium persicinum,none,,,other,,,,,,,,,,,,,,,,,0.89,μmol CH4 gdw-1 h-1,,,,,,,,,,,,,,not reported,,,,table,high,,
10.1016/j.biortech.2025.132591,Insights on microalgae-based technologies with potential impact on global methane budget – Perspectives for industrial applications,2025,Prochlorococcus sp. NATL2A,none,,,other,,,,,,,,,,,,,,,,,24.46,μmol CH4 gdw-1 h-1,,,,,,,,,,,,,,not reported,,,,table,high,,Axenic culture
10.1016/j.biortech.2025.132591,Insights on microalgae-based technologies with potential impact on global methane budget – Perspectives for industrial applications,2025,Prochlorococcus sp. MIT9312,none,,,other,,,,,,,,,,,,,,,,,75.79,μmol CH4 gdw-1 h-1,,,,,,,,,,,,,,not reported,,,,table,high,,Axenic culture
10.1016/j.biortech.2025.132591,Insights on microalgae-based technologies with potential impact on global methane budget – Perspectives for industrial applications,2025,Prochlorococcus sp. MED4,none,,,other,,,,,,,,,,,,,,,,,187.7,μmol CH4 gdw-1 h-1,,,,,,,,,,,,,,not reported,,,,table,high,,Axenic culture
10.1016/j.biortech.2025.132591,Insights on microalgae-based technologies with potential impact on global methane budget – Perspectives for industrial applications,2025,Prochlorococcus sp. MIT0604,none,,,other,,,,,,,,,,,,,,,,,221.2,μmol CH4 gdw-1 h-1,,,,,,,,,,,,,,not reported,,,,table,high,,Axenic culture
10.1016/j.biortech.2025.132591,Insights on microalgae-based technologies with potential impact on global methane budget – Perspectives for industrial applications,2025,Prochlorococcus sp. MIT9313,none,,,other,,,,,,,,,,,,,,,,,266.6,μmol CH4 gdw-1 h-1,,,,,,,,,,,,,,not reported,,,,table,high,,
10.1016/j.biortech.2025.132591,Insights on microalgae-based technologies with potential impact on global methane budget – Perspectives for industrial applications,2025,,none,,,other,,,,,,,,,,,,,,,,,1500.0,μmol CH4 gdw-1 h-1,,,,,,,,,,,,,,not reported,,,,table,high,,"Methanogenic archaea: Methanomassiliococcus luminyensis DSM 25720; CH4 precursor: Methanol + H2; Trimethylamine + H2; Reference: Kröninger et al., 2017"
10.1016/j.biortech.2025.132591,Insights on microalgae-based technologies with potential impact on global methane budget – Perspectives for industrial applications,2025,,none,,,other,,,,,,,,,,,,,,,,,9500.0,μmol CH4 gdw-1 h-1,,,,,,,,,,,,,,not reported,,,,table,high,,"Methanogenic archaea: Methanosarcina barkeri strain DM (ATCC 29894); CH4 precursor: Methanol + N2+ CO2; Reference: Mountfort and Asher, 1979"
10.1016/j.biortech.2025.132591,Insights on microalgae-based technologies with potential impact on global methane budget – Perspectives for industrial applications,2025,,none,,,other,,,,,,,,,,,,,,,,,24000.0,μmol CH4 gdw-1 h-1,,,,,,,,,,,,,,not reported,,,,table,high,,"Methanogenic archaea: Methanobacterium thermoautotrophicum strain Hveragerdi (DSM 3590); CH4 precursor: CO2 + H2; Reference: Gerhard et al., 1993"
10.1016/j.biortech.2025.132591,Insights on microalgae-based technologies with potential impact on global methane budget – Perspectives for industrial applications,2025,,biogas_upgrading,,,algae_AD_integrated,HRAP,,,,25,C,,,,,,,,,,,,,,95,,,,,,,,,,,,not reported,,,,text,high,,Methane concentration >95% achieved at L/G ratio 0.5-1 in AC; other gas concentrations also reported.
10.1016/j.biortech.2025.132591,Insights on microalgae-based technologies with potential impact on global methane budget – Perspectives for industrial applications,2025,,biogas_upgrading,,,algae_cultivation,open-photobioreactor,,,,,,,7.3,,,,,,,,,,,,,,,,,,,,,,,,,,,,text,high,,High CO2 stripping proportion (>53%) at pH ~7.3 with counter-current flow and aeration.
10.1016/j.biortech.2025.132591,Insights on microalgae-based technologies with potential impact on global methane budget – Perspectives for industrial applications,2025,,none,,,algae_cultivation,PBR,,,,,,,,,,,,,,,,,,,,,,,,,,,,,,,,,,,text,high,,"Dissolved oxygen (DO) concentration can reach up to 30 mg/L in PBR, which reduces biomass productivity."
10.1016/j.biortech.2025.132591,Insights on microalgae-based technologies with potential impact on global methane budget – Perspectives for industrial applications,2025,,biogas_upgrading,digestate,,algae_AD_integrated,HRAP-AC,not reported,pilot,not reported,,,not reported,,,,,,,not reported,365,days,,,,,,,,,,,,,,,,not reported,,,,text,high,,Outdoor operation; seasonal variation studied; biomethane composition nearly constant but did not always meet regulations.
10.1016/j.biortech.2025.132591,Insights on microalgae-based technologies with potential impact on global methane budget – Perspectives for industrial applications,2025,,biogas_upgrading,real biogas,,algae_AD_integrated,HRAP-AC,not reported,demonstration,not reported,,,not reported,,3.5,days,,,,not reported,,,,,,,,,,,,,,,,,,not reported,,,,text,high,domestic wastewater as culture medium,"HRT tested at 3.5, 8, and 73 days; negligible influence of HRT on CO2-RE with domestic wastewater."
10.1016/j.biortech.2025.132591,Insights on microalgae-based technologies with potential impact on global methane budget – Perspectives for industrial applications,2025,,biogas_upgrading,real biogas,,algae_AD_integrated,HRAP-AC,not reported,demonstration,not reported,,,not reported,,,,,,,not reported,,,,,,,,,,,,,,,,,,not reported,,,,text,high,,CO2 removal efficiency (CO2-RE) of 90.4% at biogas flow rate 274 L/h and L/G ratio 3.5; CO2 concentration in upgraded biogas 4.3%.
10.1016/j.biortech.2025.132591,Insights on microalgae-based technologies with potential impact on global methane budget – Perspectives for industrial applications,2025,,biogas_upgrading,digestate,,algae_AD_integrated,HRAP-AC,,semi_industrial,,15,C,,8.5,,,,,,,,,,,,,,,,,,,,,,,,not reported,,,,text,high,,"Biogas flow rate, pH, and temperature conditions reported for HRAP-AC system; temperature 15 C, pH 8.5."
10.1016/j.biortech.2025.132591,Insights on microalgae-based technologies with potential impact on global methane budget – Perspectives for industrial applications,2025,,biogas_upgrading,digestate,,algae_AD_integrated,HRAP-AC,,semi_industrial,,35,C,,10.0,,,,,,,,,,,,,,,,,,,,,,,,not reported,,,,text,high,,"Biogas flow rate, pH, and temperature conditions reported for HRAP-AC system; temperature 35 C, pH 10.0."
10.1016/j.biortech.2025.132591,Insights on microalgae-based technologies with potential impact on global methane budget – Perspectives for industrial applications,2025,,cultivation_medium,,,algae_cultivation,,,,,,,,,,,,,,,,,,,,,,,,,,,,,,,,not reported,,,,text,high,,"Digestate, centrate, and domestic wastewater used as cultivation media; COD values reported."
10.1016/j.biortech.2025.132591,Insights on microalgae-based technologies with potential impact on global methane budget – Perspectives for industrial applications,2025,,cultivation_medium,,,algae_cultivation,,,,,,,,,,,,,,,,,,,,,,1745,mg/L COD,,,,,,,,,not reported,,,,text,high,,COD of digestate used as cultivation medium: 1745 ± 413 mg/L.
10.1016/j.biortech.2025.132591,Insights on microalgae-based technologies with potential impact on global methane budget – Perspectives for industrial applications,2025,,cultivation_medium,,,algae_cultivation,,,,,,,,,,,,,,,,,,,,,,793,mg/L COD,,,,,,,,,not reported,,,,text,high,,COD of centrate used as cultivation medium: 793 ± 214 mg/L.
10.1016/j.biortech.2025.132591,Insights on microalgae-based technologies with potential impact on global methane budget – Perspectives for industrial applications,2025,,cultivation_medium,,,algae_cultivation,,,,,,,,,,,,,,,,,,,,,,496,mg/L COD,,,,,,,,,not reported,,,,text,high,,COD of domestic wastewater used as cultivation medium: 496 ± 145 mg/L.
10.1016/j.biortech.2025.132591,Insights on microalgae-based technologies with potential impact on global methane budget – Perspectives for industrial applications,2025,,biogas_upgrading,,,algae_AD_integrated,AC,,,,,,,7.5,,,,,,,,,,,,83.6,,,,,,,,,,,,not reported,,,,text,high,"abiotic conditions, pH 7.5, various L/G ratios","Upgraded biogas composition: CH4 83.6%, CO2 0.4%, H2S 0.0%, O2 8.3%, N2 7.7% (Toledo-Cervantes et al., 2018)"
10.1016/j.biortech.2025.132591,Insights on microalgae-based technologies with potential impact on global methane budget – Perspectives for industrial applications,2025,,biogas_upgrading,,,algae_AD_integrated,HRAP-AC,,,,,,,,,,,,,,,,,,,,,,,,,,,,,,,not reported,,,,text,high,"high alkaline culture media (pH > 9, IC > 1200 mg/L)","CO2 and H2S removal efficiencies ≥97% and ≥96% respectively, regardless of L/G ratio"
10.1016/j.biortech.2025.132591,Insights on microalgae-based technologies with potential impact on global methane budget – Perspectives for industrial applications,2025,,biogas_upgrading,,,algae_AD_integrated,TPBR-AC,,,,,,,,,,,,,,,,,,,97,,,,,,,,,,,,not reported,,,,text,high,N cycles implemented; compared to regular nutritional conditions,"Biomethane composition: 97% CH4, 1% CO2, 0% H2S, 0.4% O2, 1.6% N2"
10.1016/j.biortech.2025.132591,Insights on microalgae-based technologies with potential impact on global methane budget – Perspectives for industrial applications,2025,,biogas_upgrading,,,algae_AD_integrated,HRAP,,,,,,,,,,,,,,,,,,,,,,,,,,CAPEX,6034,€/Nm3/h,"photosynthetic biogas upgrading using open pond (HRAP-AC), includes 19 ha land, 13 HRAPs, 13 ACs, paddlewheel stations, 1 screw press, 2 solar driers, 13 gas diffusers",,not reported,,,,text,high,PSA-based upgrading technology,CAPEX for HRAP-AC; see also OPEX and amortization data in other entries
10.1016/j.biortech.2025.132591,Insights on microalgae-based technologies with potential impact on global methane budget – Perspectives for industrial applications,2025,,biogas_upgrading,,,algae_AD_integrated,HRAP,,,,,,,,,,,,,,,,,,,,,,,,,,OPEX,0.03,€/Nm3/h,photosynthetic biogas upgrading using open pond (HRAP-AC),,not reported,,,,text,high,PSA-based upgrading technology,OPEX for HRAP-AC
10.1016/j.biortech.2025.132591,Insights on microalgae-based technologies with potential impact on global methane budget – Perspectives for industrial applications,2025,,none,,,other,,,,,,,,,,,,,,,,,,,,,,,,,,,CAPEX,2700,€/Nm3/h,"PSA-based upgrading technology, includes 1 ha land for biomethane production unit, fueling station, LNG tank",,not reported,,,,text,high,HRAP-AC,CAPEX for PSA-based upgrading
10.1016/j.biortech.2025.132591,Insights on microalgae-based technologies with potential impact on global methane budget – Perspectives for industrial applications,2025,,none,,,other,,,,,,,,,,,,,,,,,,,,,,,,,,,OPEX,0.18,€/Nm3/h,PSA-based upgrading technology,,not reported,,,,text,high,HRAP-AC,OPEX for PSA-based upgrading
10.1016/j.biortech.2025.132591,Insights on microalgae-based technologies with potential impact on global methane budget – Perspectives for industrial applications,2025,,biogas_upgrading,,,algae_AD_integrated,HRAP,,,,,,,,,,,,,,5,years,,,,,,,,,,,CAPEX_amortization_period,5,years,photosynthetic biogas upgrading using open pond (HRAP-AC),,not reported,,,,text,high,PSA-based upgrading technology,Amortization period for HRAP-AC without incentives
10.1016/j.biortech.2025.132591,Insights on microalgae-based technologies with potential impact on global methane budget – Perspectives for industrial applications,2025,,none,,,other,,,,,,,,,,,,,,,9,years,,,,,,,,,,,CAPEX_amortization_period,9,years,"PSA-based upgrading technology, with incentives and initial investment support",,not reported,,,,text,high,HRAP-AC,Amortization period for PSA-based upgrading with incentives
10.1016/j.biortech.2025.132591,Insights on microalgae-based technologies with potential impact on global methane budget – Perspectives for industrial applications,2025,Leptocylindrus danicus,none,,,other,,,,,,,,,,,,,,,,,0.01,μmol CH4/g dry weight/h,,,,,,,,,,,,,,,methane,0.01,μmol CH4/g dry weight/h,text,high,,Lowest aerobic CH4 production rate among microalgae species reported.
10.1016/j.biortech.2025.132591,Insights on microalgae-based technologies with potential impact on global methane budget – Perspectives for industrial applications,2025,,none,,,other,,,,,,,,,,,,,,,,,0.51,μmol CH4/g dry weight/h,,,,,,,,,,,,,,,methane,0.51,μmol CH4/g dry weight/h,text,medium,,Lower bound of average aerobic CH4 production rate across microalgae cultures.
10.1016/j.biortech.2025.132591,Insights on microalgae-based technologies with potential impact on global methane budget – Perspectives for industrial applications,2025,,none,,,other,,,,,,,,,,,,,,,,,0.92,μmol CH4/g dry weight/h,,,,,,,,,,,,,,,methane,0.92,μmol CH4/g dry weight/h,text,medium,,Upper bound of average aerobic CH4 production rate across microalgae cultures.
10.1016/j.biortech.2025.132591,Insights on microalgae-based technologies with potential impact on global methane budget – Perspectives for industrial applications,2025,Prochlorococcus NATL2A,none,,,other,,,,,,,,,,,,,,,,,24.46,μmol CH4/g dry weight/h,,,,,,,,,,,,,,,methane,24.46,μmol CH4/g dry weight/h,text,high,,Lower bound for Prochlorococcus strains.
10.1016/j.biortech.2025.132591,Insights on microalgae-based technologies with potential impact on global methane budget – Perspectives for industrial applications,2025,Prochlorococcus MED4,none,,,other,,,,,,,,,,,,,,,,,266.6,μmol CH4/g dry weight/h,,,,,,,,,,,,,,,methane,266.6,μmol CH4/g dry weight/h,text,high,,Upper bound for Prochlorococcus strains.
